Site,Variety,Date,Year,Doy,GrowingSeason,DaysAfterSowing,Tmax,Tmin,RHmax,RHmin,LW,Prec,Rad,GrowingDegreeDays,PhenoCode,CyclePercentage,LightInterception,LightInterceptionRef,AGB,AGBRef,Yield,YieldRef,HTtimeR,HTtimeS,Susceptible,Latent,Sporulating,Dead,Affected,DisSev,DisSevRef,LightIntHealthy,AGBHealthy,YieldHealthy,LightSteal,SenAccel,RUEReduce,AssimilateSap
44.587444_11.03769,Generic,10/27/2023,2023,300,2023,1,24.75,15.919999,98.393776,57.021057,7,1.45,24.75,21.33029,1,0.85321164,0.0023837416,,0.82071906,,0,,0,0.0777812,1,0,0,0,0,0,,0.0023837416,0.82071906,0,0,0,0,0
44.587444_11.03769,Generic,10/28/2023,2023,301,2023,2,23.04,13.060001,96.29758,51.411076,5,0.01,23.04,40.283356,1,1.6113343,0.002879754,,1.6408455,,0,,0,0.16090646,1,0,0,0,0,0,0,0.002879754,1.6408455,0,0,0,0,0
44.587444_11.03769,Generic,10/29/2023,2023,302,2023,3,21.71,12.790001,99.22957,56.43357,7,1.47,21.71,58.233532,1,2.3293414,0.0034440246,,2.516148,,0,,0.7705405,0.9314469,1,0,0,0,0,0,,0.0034440246,2.516148,0,0,0,0,0
44.587444_11.03769,Generic,10/30/2023,2023,303,2023,4,24.17,14.120001,95.65967,51.11683,24,13.129999,24.169998,78.42644,1,3.1370575,0.0042114183,,3.8566492,,0,,0,0.9943147,1,0,0,0,0,0,,0.0042114183,3.8566492,0,0,0,0,0
44.587444_11.03769,Generic,10/31/2023,2023,304,2023,5,21.86,12.470001,98.004135,54.08139,5,0.76,21.86,96.26587,1,3.8506348,0.005029757,,5.135859,,0,,0,1.022348,1,0,0,0,0,0,,0.005029757,5.135859,0,0,0,0,0
44.587444_11.03769,Generic,11/1/2023,2023,305,2023,6,17.76,10.25,100,62.13542,7,0.46,17.76,109.59204,1,4.383682,0.0057426263,,6.022244,,0,,0.36016357,1.3825116,1,0,0,0,0,0,,0.0057426263,6.022244,0,0,0,0,0
44.587444_11.03769,Generic,11/2/2023,2023,306,2023,7,19.7,10.98,99.28722,56.715687,24,19.34,19.7,124.8997,1,4.995988,0.006686188,,7.3372173,,0,,0,1.3894966,1,0,0,0,0,0,,0.006686188,7.3372173,0,0,0,0,0
44.587444_11.03769,Generic,11/3/2023,2023,307,2023,8,17.28,9.06,98.762985,57.732887,7,4.1,17.28,136.96071,1,5.4784284,0.0075367945,,8.361636,,0,,0,1.3894966,1,0,0,0,0,0,,0.0075367945,8.361636,0,0,0,0,0
44.587444_11.03769,Generic,11/4/2023,2023,308,2023,9,17.67,6.3600006,90.99293,43.168976,1,3.98,17.67,147.26993,1,5.890797,0.008348409,,9.353448,,0,,0.121448755,1.5109453,1,0,0,0,0,0,,0.008348409,9.353448,0,0,0,0,0
44.587444_11.03769,Generic,11/5/2023,2023,309,2023,10,19.38,12.4,100,66.41129,9,3.9300003,19.38,163.36758,1,6.5347033,0.009792246,,11.345783,,0,,0,1.5227276,1,0,0,0,0,0,,0.009792246,11.345783,0,0,0,0,0
44.587444_11.03769,Generic,11/6/2023,2023,310,2023,11,20.24,10.280001,96.250984,50.749863,5,0.17,20.24,178.55879,1,7.1423516,0.011380454,,13.627836,,0,,0,1.529753,1,0,0,0,0,0,,0.011380454,13.627836,0,0,0,0,0
44.587444_11.03769,Generic,11/7/2023,2023,311,2023,12,18.8,9.46,97.11923,53.00723,5,0.37,18.8,192.07324,1,7.68293,0.013005815,,15.782886,,0,,0,1.529799,1,0,0,0,0,0,,0.013005815,15.782886,0,0,0,0,0
44.587444_11.03769,Generic,11/8/2023,2023,312,2023,13,17.27,7.0599995,93.464745,47.717903,3,0.01,17.27,202.60896,1,8.104359,0.014430006,,17.495213,,0,,0,1.5298061,1,0,0,0,0,0,,0.014430006,17.495213,0,0,0,0,0
44.587444_11.03769,Generic,11/9/2023,2023,313,2023,14,16.44,6.2899995,92.650055,47.288143,3,2.44,16.44,211.94376,1,8.477751,0.015819557,,19.078516,,0,,0,1.5303785,1,0,0,0,0,0,,0.015819557,19.078516,0,0,0,0,0
44.587444_11.03769,Generic,11/10/2023,2023,314,2023,15,15.91,7.5400004,96.672844,55.609955,5,5.04,15.91,221.81662,1,8.872664,0.017432485,,20.864328,,0,,0,1.5303785,1,0,0,0,0,0,,0.017432485,20.864328,0,0,0,0,0
44.587444_11.03769,Generic,11/11/2023,2023,315,2023,16,16.44,5.33,90.129974,43.04306,1,0.02,16.44,230.44202,1,9.217681,0.018973062,,22.618944,,0,,0,1.5303785,1,0,0,0,0,0,,0.018973062,22.618944,0,0,0,0,0
44.587444_11.03769,Generic,11/12/2023,2023,316,2023,17,13.92,5.5399995,93.3849,53.210155,3,0.03,13.92,237.41255,1,9.496502,0.020314941,,23.904482,,0,,0,1.5303785,1,0,0,0,0,0,,0.020314941,23.904482,0,0,0,0,0
44.587444_11.03769,Generic,11/13/2023,2023,317,2023,18,16.81,6.0200005,91.42136,44.73458,3,0.20000002,16.81,246.82181,1,9.872872,0.022274598,,26.202196,,0,,0,1.5362324,1,0,0,0,0,0,,0.022274598,26.202196,0,0,0,0,0
44.587444_11.03769,Generic,11/14/2023,2023,318,2023,19,20.95,9.950001,93.7534,46.282978,3,0.050000004,20.95,262.289,1,10.49156,0.025904061,,31.676468,,0,,0,1.5376043,1,0,0,0,0,0,,0.025904061,31.676468,0,0,0,0,0
44.587444_11.03769,Generic,11/15/2023,2023,319,2023,20,19.61,8.76,93.65155,46.35818,3,0.01,19.61,275.88617,1,11.035447,0.02956543,,36.817772,,0,,0,1.5376202,1,0,0,0,0,0,,0.02956543,36.817772,0,0,0,0,0
44.587444_11.03769,Generic,11/16/2023,2023,320,2023,21,18.5,6.92,91.02561,42.599453,1,0.32,18.5,287.24808,1,11.4899235,0.033005483,,41.342293,,0,,0,1.5376202,1,0,0,0,0,0,,0.033005483,41.342293,0,0,0,0,0
44.587444_11.03769,Generic,11/17/2023,2023,321,2023,22,17.35,6.5300007,91.947365,45.036293,3,0.08,17.35,297.4442,1,11.897769,0.036419287,,45.544044,,0,,0,1.5376202,1,0,0,0,0,0,,0.036419287,45.544044,0,0,0,0,0
44.587444_11.03769,Generic,11/18/2023,2023,322,2023,23,17.29,3.9500003,85.360794,35.072926,0,0,17.29,305.68274,1,12.227309,0.039423466,,49.20642,,0,,0,1.5376202,1,0,0,0,0,0,,0.039423466,49.20642,0,0,0,0,0
44.587444_11.03769,Generic,11/19/2023,2023,323,2023,24,16.56,5.6299996,90.75147,43.915604,1,0,16.56,314.61722,1,12.584689,0.042949643,,53.35074,,0,,0,1.5376358,1,0,0,0,0,0,,0.042949643,53.35074,0,0,0,0,0
44.587444_11.03769,Generic,11/20/2023,2023,324,2023,25,16.78,6.6100006,93.015656,47.495323,3,0.04,16.78,324.44507,1,12.977802,0.047175806,,58.424538,,0,,0,1.5376358,1,0,0,0,0,0,,0.047175806,58.424538,0,0,0,0,0
44.587444_11.03769,Generic,11/21/2023,2023,325,2023,26,10.38,7.63,100,83.38332,13,7.46,10.38,330.42673,1,13.21707,0.049938586,,60.446716,,0,,0,1.5376358,1,0,0,0,0,0,,0.049938586,60.446716,0,0,0,0,0
44.587444_11.03769,Generic,11/22/2023,2023,326,2023,27,12.96,5.0600004,92.75631,54.41668,3,1.06,12.960001,336.41507,1,13.456602,0.052857533,,63.12207,,0,,0,1.5376358,1,0,0,0,0,0,,0.052857533,63.12207,0,0,0,0,0
44.587444_11.03769,Generic,11/23/2023,2023,327,2023,28,12.73,3.04,87.54505,45.240734,0,0.01,12.73,340.96783,1,13.638714,0.055183772,,65.2079,,0,,0,1.5376358,1,0,0,0,0,0,,0.055183772,65.2079,0,0,0,0,0
44.587444_11.03769,Generic,11/24/2023,2023,328,2023,29,17.59,2.6100001,81.5184,29.895067,0,0,17.59,348.45908,1,13.938363,0.05922227,,70.29732,,0,,0,1.5376358,1,0,0,0,0,0,,0.05922227,70.29732,0,0,0,0,0
44.587444_11.03769,Generic,11/25/2023,2023,329,2023,30,10.9,1.3000002,83.54455,43.02892,0,0.08,10.9,351.04996,1,14.041999,0.06068238,,71.414955,,0,,0,1.5376358,1,0,0,0,0,0,,0.06068238,71.414955,0,0,0,0,0
44.587444_11.03769,Generic,11/26/2023,2023,330,2023,31,13.16,2.1400003,84.9742,40.047977,0,0,13.16,355.32056,1,14.212823,0.06316278,,73.73005,,0,,0,1.5376358,1,0,0,0,0,0,,0.06316278,73.73005,0,0,0,0,0
44.587444_11.03769,Generic,11/27/2023,2023,331,2023,32,10.5,1.9200001,85.15987,47.09153,0,0.69,10.5,358.01935,1,14.320774,0.06477869,,74.927216,,0,,0,1.5376358,1,0,0,0,0,0,,0.06477869,74.927216,0,0,0,0,0
44.587444_11.03769,Generic,11/28/2023,2023,332,2023,33,12.99,2.5299997,86.08069,42.178463,0,1.04,12.99,362.4212,1,14.496848,0.067497075,,77.444275,,0,,0,1.5376358,1,0,0,0,0,0,,0.067497075,77.444275,0,0,0,0,0
44.587444_11.03769,Generic,11/29/2023,2023,333,2023,34,12.3,0.17000008,80.33765,34.764484,0,0.02,12.299999,365.14478,1,14.60579,0.06923165,,78.95683,,0,,0,1.5376358,1,0,0,0,0,0,,0.06923165,78.95683,0,0,0,0,0
44.587444_11.03769,Generic,11/30/2023,2023,334,2023,35,12.57,3.5599995,88.98495,48.209545,0,3.08,12.57,369.9181,1,14.796723,0.07237149,,81.78878,,0,,0,1.5377215,1,0,0,0,0,0,,0.07237149,81.78878,0,0,0,0,0
44.587444_11.03769,Generic,12/1/2023,2023,335,2023,36,18.16,7.42,92.93452,45.97832,3,0.5,18.16,381.40155,1,15.2560625,0.08046954,,92.73296,,0,,0,1.5377215,1,0,0,0,0,0,,0.08046954,92.73296,0,0,0,0,0
44.587444_11.03769,Generic,12/2/2023,2023,336,2023,37,14.78,2.9399996,85.81075,38.538284,0,3.78,14.780001,387.191,1,15.487641,0.084858775,,97.468544,,0,,0,1.5377215,1,0,0,0,0,0,,0.084858775,97.468544,0,0,0,0,0
44.587444_11.03769,Generic,12/3/2023,2023,337,2023,38,9.62,0.39000034,81.13075,42.625446,0,0.11,9.62,388.81326,1,15.552531,0.0861271,,98.34514,,0,,0,1.5377215,1,0,0,0,0,0,,0.0861271,98.34514,0,0,0,0,0
44.587444_11.03769,Generic,12/4/2023,2023,338,2023,39,4.74,0.17999983,77.11284,55.74022,0,2,4.74,389.02664,1,15.561065,0.0862952,,98.40206,,0,,0,1.5377215,1,0,0,0,0,0,,0.0862952,98.40206,0,0,0,0,0
44.587444_11.03769,Generic,12/5/2023,2023,339,2023,40,2.78,-1.1299999,71.25674,53.74317,0,5.97,2.78,389.02664,1,15.561065,0.0862952,,98.40206,,0,,0,1.5377215,1,0,0,0,0,0,,0.0862952,98.40206,0,0,0,0,0
44.587444_11.03769,Generic,12/6/2023,2023,340,2023,41,8.67,-0.52999973,78.51543,41.135475,0,0.050000004,8.67,389.9861,1,15.599444,0.08705473,,98.874344,,0,,0,1.5377215,1,0,0,0,0,0,,0.08705473,98.874344,0,0,0,0,0
44.587444_11.03769,Generic,12/7/2023,2023,341,2023,42,10.46,-0.3800001,79.270546,37.229603,0,0,10.46,391.63623,1,15.665449,0.08837515,,99.869156,,0,,0,1.5377215,1,0,0,0,0,0,,0.08837515,99.869156,0,0,0,0,0
44.587444_11.03769,Generic,12/8/2023,2023,342,2023,43,5.04,-0.42000008,75.984375,51.490963,0,1.51,5.04,391.80713,1,15.672286,0.088512935,,99.91888,,0,,0,1.5377215,1,0,0,0,0,0,,0.088512935,99.91888,0,0,0,0,0
44.587444_11.03769,Generic,12/9/2023,2023,343,2023,44,7.67,1.1400001,82.23461,52.043915,0,0.81000006,7.67,392.98566,1,15.719425,0.08946837,,100.44632,,0,,0,1.5377215,1,0,0,0,0,0,,0.08946837,100.44632,0,0,0,0,0
44.587444_11.03769,Generic,12/10/2023,2023,344,2023,45,12.38,3.3199997,88.437744,47.699417,0,0.68,12.379999,397.496,1,15.89984,0.093211345,,103.840706,,0,,0,1.5377215,1,0,0,0,0,0,,0.093211345,103.840706,0,0,0,0,0
44.587444_11.03769,Generic,12/11/2023,2023,345,2023,46,13.9,3.8700004,88.984085,45.176685,0,0.24,13.9,403.31848,1,16.13274,0.09825061,,109.026566,,0,,0,1.5377574,1,0,0,0,0,0,,0.09825061,109.026566,0,0,0,0,0
44.587444_11.03769,Generic,12/12/2023,2023,346,2023,47,13.38,6.3200006,95.87009,59.71637,5,0.63,13.38,410.45682,1,16.418272,0.10475887,,115.551956,,0,,0,1.5377667,1,0,0,0,0,0,,0.10475887,115.551956,0,0,0,0,0
44.587444_11.03769,Generic,12/13/2023,2023,347,2023,48,15.58,6.5500007,94.43591,51.8415,5,2.81,15.58,419.34702,1,16.773882,0.113394246,,125.79511,,0,,0,1.5377667,1,0,0,0,0,0,,0.113394246,125.79511,0,0,0,0,0
44.587444_11.03769,Generic,12/14/2023,2023,348,2023,49,9.74,4.4300003,91.678085,63.70643,3,0.31,9.74,422.9673,1,16.918692,0.11708518,,128.48767,,0,,0,1.5377667,1,0,0,0,0,0,,0.11708518,128.48767,0,0,0,0,0
44.587444_11.03769,Generic,12/15/2023,2023,349,2023,50,11.83,1.46,83.7906,41.046375,0,0,11.83,426.1105,1,17.04442,0.12037382,,131.40683,,0,,0,1.5377667,1,0,0,0,0,0,,0.12037382,131.40683,0,0,0,0,0
44.587444_11.03769,Generic,12/16/2023,2023,350,2023,51,9.99,0.8299999,82.31517,43.550797,0,0.01,9.99,428.06796,1,17.122719,0.122461915,,132.96863,,0,,0,1.5377667,1,0,0,0,0,0,,0.122461915,132.96863,0,0,0,0,0
44.587444_11.03769,Generic,12/17/2023,2023,351,2023,52,9.01,-0.35000038,79.09256,41.031425,0,0,9.01,429.19565,1,17.167826,0.12367894,,133.78816,,0,,0,1.5377667,1,0,0,0,0,0,,0.12367894,133.78816,0,0,0,0,0
44.587444_11.03769,Generic,12/18/2023,2023,352,2023,53,13.86,2.71,85.98871,40.32366,0,0,13.86,434.24347,1,17.369738,0.12925462,,139.68576,,0,,0,1.5377667,1,0,0,0,0,0,,0.12925462,139.68576,0,0,0,0,0
44.587444_11.03769,Generic,12/19/2023,2023,353,2023,54,15.309999,4.7399993,89.96002,44.320126,0,0,15.31,441.6284,1,17.665136,0.1377962,,149.84639,,0,,0,1.5377667,1,0,0,0,0,0,,0.1377962,149.84639,0,0,0,0,0
44.587444_11.03769,Generic,12/20/2023,2023,354,2023,55,9.23,2.1999998,85.69055,52.637505,0,0,9.23,443.8564,1,17.754257,0.14046468,,151.73027,,0,,0,1.5377667,1,0,0,0,0,0,,0.14046468,151.73027,0,0,0,0,0
44.587444_11.03769,Generic,12/21/2023,2023,355,2023,56,12.95,1.4499998,83.31218,37.889454,0,0,12.95,447.6057,1,17.904228,0.14505269,,156.3234,,0,,0,1.5415101,1,0,0,0,0,0,,0.14505269,156.3234,0,0,0,0,0
44.587444_11.03769,Generic,12/22/2023,2023,356,2023,57,17.6,8.780001,97.488106,54.80125,5,0,17.6,459.6971,1,18.387884,0.16070001,,178.62668,,0,,0,1.5502199,1,0,0,0,0,0,,0.16070001,178.62668,0,0,0,0,0
44.587444_11.03769,Generic,12/23/2023,2023,357,2023,58,19.72,9.890001,96.37196,51.12508,5,0,19.72,474.21964,1,18.968784,0.18126453,,212.4819,,0,,0,1.5504358,1,0,0,0,0,0,,0.18126453,212.4819,0,0,0,0,0
44.587444_11.03769,Generic,12/24/2023,2023,358,2023,59,16.45,7.3600006,95.47104,52.410686,5,0,16.45,484.36307,1,19.374523,0.19680734,,233.89876,,0,,0,1.5504358,1,0,0,0,0,0,,0.19680734,233.89876,0,0,0,0,0
44.587444_11.03769,Generic,12/25/2023,2023,359,2023,60,14.52,4.8800006,91.12121,47.699623,3,0,14.52,491.29184,1,19.651674,0.20799042,,247.54552,,0,,0,1.5504358,1,0,0,0,0,0,,0.20799042,247.54552,0,0,0,0,0
44.587444_11.03769,Generic,12/26/2023,2023,360,2023,61,14.63,4.0199995,88.75953,43.43828,0,0.01,14.629999,497.70447,1,19.90818,0.21875177,,260.9298,,0,,0,1.5504358,1,0,0,0,0,0,,0.21875177,260.9298,0,0,0,0,0
44.587444_11.03769,Generic,12/27/2023,2023,361,2023,62,13.95,3.9700003,89.20799,45.4622,0,0.01,13.950001,503.62628,1,20.145052,0.22904049,,273.2695,,0,,0,1.5504358,1,0,0,0,0,0,,0.22904049,273.2695,0,0,0,0,0
44.587444_11.03769,Generic,12/28/2023,2023,362,2023,63,14.33,3.3400002,87.25175,41.499527,0,0.04,14.33,509.3828,1,20.375313,0.23936358,,286.1469,,0,,0,1.5504358,1,0,0,0,0,0,,0.23936358,286.1469,0,0,0,0,0
44.587444_11.03769,Generic,12/29/2023,2023,363,2023,64,13.66,3.9400005,89.34494,46.30029,0,0.07,13.66,515.0933,1,20.603733,0.2499148,,298.8609,,0,,0,1.5505192,1,0,0,0,0,0,,0.2499148,298.8609,0,0,0,0,0
44.587444_11.03769,Generic,12/30/2023,2023,364,2023,65,13.24,6.47,96.36645,61.205727,7,0.35,13.24,522.23865,1,20.889545,0.26354703,,315.12134,,0,,0,1.5505192,1,0,0,0,0,0,,0.26354703,315.12134,0,0,0,0,0
44.587444_11.03769,Generic,12/31/2023,2023,365,2023,66,14.26,5.2700005,92.38522,50.535973,3,0.94,14.26,529.258,1,21.17032,0.27739504,,333.2297,,0,,0,1.5505192,1,0,0,0,0,0,,0.27739504,333.2297,0,0,0,0,0
44.587444_11.03769,Generic,1/1/2024,2024,1,2023,67,12.84,5.2800007,93.40943,56.08422,5,1.72,12.84,535.3131,1,21.412525,0.28969437,,347.91858,,0,,0,1.5505192,1,0,0,0,0,0,,0.28969437,347.91858,0,0,0,0,0
44.587444_11.03769,Generic,1/2/2024,2024,2,2023,68,12.35,3.04,87.71614,46.47373,0,6.4800005,12.35,539.6372,1,21.585487,0.29867238,,358.32074,,0,,0,1.5505409,1,0,0,0,0,0,,0.29867238,358.32074,0,0,0,0,0
44.587444_11.03769,Generic,1/3/2024,2024,3,2023,69,15.75,6.6800003,94.577225,51.81836,5,0.11,15.75,548.7492,1,21.949968,0.31810203,,388.09393,,0,,0,1.5505409,1,0,0,0,0,0,,0.31810203,388.09393,0,0,0,0,0
44.587444_11.03769,Generic,1/4/2024,2024,4,2023,70,16.37,5.9300003,91.79689,45.905964,3,0.01,16.37,557.765,1,22.3106,0.33797088,,420.62476,,0,,0,1.5505409,1,0,0,0,0,0,,0.33797088,420.62476,0,0,0,0,0
44.587444_11.03769,Generic,1/5/2024,2024,5,2023,71,12.24,5.42,94.06539,59.320694,5,2.88,12.24,563.51495,1,22.540598,0.35095355,,436.7334,,0,,0,1.5505409,1,0,0,0,0,0,,0.35095355,436.7334,0,0,0,0,0
44.587444_11.03769,Generic,1/6/2024,2024,6,2023,72,10.96,6.46,97.18777,71.67803,7,10.31,10.96,569.1077,1,22.764309,0.36379677,,451.27658,,0,,0,1.5505409,1,0,0,0,0,0,,0.36379677,451.27658,0,0,0,0,0
44.587444_11.03769,Generic,1/7/2024,2024,7,2023,73,6.14,3.84,87.96101,74.92948,24,22.18,6.14,570.71814,1,22.828726,0.36753213,,453.64664,,0,,0,1.5505409,1,0,0,0,0,0,,0.36753213,453.64664,0,0,0,0,0
44.587444_11.03769,Generic,1/8/2024,2024,8,2023,74,6.95,0.4699998,80.02921,50.694847,0,0.69,6.95,571.46594,1,22.858637,0.36927217,,454.8983,,0,,0,1.5505409,1,0,0,0,0,0,,0.36927217,454.8983,0,0,0,0,0
44.587444_11.03769,Generic,1/9/2024,2024,9,2023,75,6.25,-0.7600002,76.37199,46.421886,0,0.04,6.25,571.773,1,22.87092,0.36998764,,455.3614,,0,,0,1.5505409,1,0,0,0,0,0,,0.36998764,455.3614,0,0,0,0,0
44.587444_11.03769,Generic,1/10/2024,2024,10,2023,76,4.74,-1.3899999,73.27106,47.228165,0,0.17,4.74,571.8165,1,22.872662,0.37008908,,455.4112,,0,,0,1.5505409,1,0,0,0,0,0,,0.37008908,455.4112,0,0,0,0,0
44.587444_11.03769,Generic,1/11/2024,2024,11,2023,77,5.7299995,-2.8299997,70.848625,38.322765,0,0,5.73,571.8353,1,22.873413,0.37013292,,455.43716,,0,,0,1.5505409,1,0,0,0,0,0,,0.37013292,455.43716,0,0,0,0,0
44.587444_11.03769,Generic,1/12/2024,2024,12,2023,78,8.12,-1.4099998,76.06832,38.78669,0,0,8.12,572.39923,1,22.89597,0.37144855,,456.54636,,0,,0,1.5505409,1,0,0,0,0,0,,0.37144855,456.54636,0,0,0,0,0
44.587444_11.03769,Generic,1/13/2024,2024,13,2023,79,10.33,-0.77999973,78.25818,36.007786,0,0.01,10.33,573.8438,1,22.953753,0.37482744,,460.19412,,0,,0,1.5505409,1,0,0,0,0,0,,0.37482744,460.19412,0,0,0,0,0
44.587444_11.03769,Generic,1/14/2024,2024,14,2023,80,10.27,0.34000015,81.08932,40.641003,0,0.050000004,10.27,575.7117,1,23.028465,0.37921458,,464.9384,,0,,0,1.5505409,1,0,0,0,0,0,,0.37921458,464.9384,0,0,0,0,0
44.587444_11.03769,Generic,1/15/2024,2024,15,2023,81,12.36,2.4499998,86.17237,43.753914,0,0.02,12.36,579.69525,1,23.18781,0.38863644,,477.41797,,0,,0,1.5505409,1,0,0,0,0,0,,0.38863644,477.41797,0,0,0,0,0
44.587444_11.03769,Generic,1/16/2024,2024,16,2023,82,9.82,0.8299999,82.29101,44.03682,0,0.03,9.82,581.5801,1,23.263203,0.39312404,,482.16333,,0,,0,1.5505409,1,0,0,0,0,0,,0.39312404,482.16333,0,0,0,0,0
44.587444_11.03769,Generic,1/17/2024,2024,17,2023,83,8.77,2.1499999,85.400734,53.921104,0,3.2600002,8.77,583.5809,1,23.343235,0.39790758,,486.7168,,0,,0,1.5505409,1,0,0,0,0,0,,0.39790758,486.7168,0,0,0,0,0
44.587444_11.03769,Generic,1/18/2024,2024,18,2023,84,15.79,4.63,89.12518,42.252495,0,0.38,15.79,591.22876,1,23.64915,0.4163653,,519.50836,,0,,0,1.5505409,1,0,0,0,0,0,,0.4163653,519.50836,0,0,0,0,0
44.587444_11.03769,Generic,1/19/2024,2024,19,2023,85,8.81,1.0600002,82.60626,48.106815,0,2.03,8.81,592.79596,1,23.711838,0.42017856,,523.2919,,0,,0,1.5505409,1,0,0,0,0,0,,0.42017856,523.2919,0,0,0,0,0
44.587444_11.03769,Generic,1/20/2024,2024,20,2023,86,5.65,-4.22,67.47464,33.076317,0,0,5.65,592.79596,1,23.711838,0.42017856,,523.2919,,0,,0,1.5505409,1,0,0,0,0,0,,0.42017856,523.2919,0,0,0,0,0
44.587444_11.03769,Generic,1/21/2024,2024,21,2023,87,6.61,-2.7599998,71.78213,36.72927,0,0,6.61,592.87946,1,23.71518,0.42038196,,523.44324,,0,,0,1.5505409,1,0,0,0,0,0,,0.42038196,523.44324,0,0,0,0,0
44.587444_11.03769,Generic,1/22/2024,2024,22,2023,88,10.59,-2.2799997,74.52838,30.180962,0,0.17,10.59,593.8925,1,23.755701,0.42285243,,526.4018,,0,,0,1.5505409,1,0,0,0,0,0,,0.42285243,526.4018,0,0,0,0,0
44.587444_11.03769,Generic,1/23/2024,2024,23,2023,89,11.44,2.2600002,85.95582,45.75087,0,0.04,11.44,597.2547,1,23.890188,0.4310783,,537.2152,,0,,0,1.5505409,1,0,0,0,0,0,,0.4310783,537.2152,0,0,0,0,0
44.587444_11.03769,Generic,1/24/2024,2024,24,2023,90,13.47,1.6400003,83.49668,37.20953,0,0.01,13.470001,601.41315,1,24.056526,0.4413047,,553.3364,,0,,0,1.5505409,1,0,0,0,0,0,,0.4413047,553.3364,0,0,0,0,0
44.587444_11.03769,Generic,1/25/2024,2024,25,2023,91,11.37,4.2,91.06734,55.858177,3,0,11.37,605.84503,1,24.2338,0.4522585,,568.1992,,0,,0,1.5505409,1,0,0,0,0,0,,0.4522585,568.1992,0,0,0,0,0
44.587444_11.03769,Generic,1/26/2024,2024,26,2023,92,10.85,3,87.96758,51.320297,0,0,10.85,609.28876,1,24.371552,0.4608025,,579.42804,,0,,0,1.5505409,1,0,0,0,0,0,,0.4608025,579.42804,0,0,0,0,0
44.587444_11.03769,Generic,1/27/2024,2024,27,2023,93,12.32,2.8400002,87.2052,45.642487,0,0,12.32,613.47656,1,24.539062,0.47122326,,595.28394,,0,,0,1.5505409,1,0,0,0,0,0,,0.47122326,595.28394,0,0,0,0,0
44.587444_11.03769,Generic,1/28/2024,2024,28,2023,94,13.55,2.6500006,86.0516,40.999702,0,0.01,13.550001,618.29315,1,24.731726,0.48323914,,615.85266,,0,,0,1.5505409,1,0,0,0,0,0,,0.48323914,615.85266,0,0,0,0,0
44.587444_11.03769,Generic,1/29/2024,2024,29,2023,95,12.89,2.38,85.7446,41.840443,0,0,12.889999,622.54596,1,24.901838,0.49386516,,633.50903,,0,,0,1.5505409,1,0,0,0,0,0,,0.49386516,633.50903,0,0,0,0,0
44.587444_11.03769,Generic,1/30/2024,2024,30,2023,96,12.15,2.6599998,86.79981,45.357796,0,0,12.15,626.52954,1,25.061182,0.50382376,,649.41254,,0,,0,1.5505409,1,0,0,0,0,0,,0.50382376,649.41254,0,0,0,0,0
44.587444_11.03769,Generic,1/31/2024,2024,31,2023,97,12.12,2.4700003,86.315285,44.58728,0,0,12.12,630.3867,1,25.215467,0.51346356,,665.0673,,0,,0,1.5505409,1,0,0,0,0,0,,0.51346356,665.0673,0,0,0,0,0
44.587444_11.03769,Generic,2/1/2024,2024,32,2023,98,10.77,0.5600004,81.65438,40.217407,0,0.01,10.77,632.56934,1,25.302774,0.51891434,,673.0226,,0,,0,1.5505409,1,0,0,0,0,0,,0.51891434,673.0226,0,0,0,0,0
44.587444_11.03769,Generic,2/2/2024,2024,33,2023,99,15.890001,1.6600003,81.378,31.066525,0,0,15.889999,638.2471,1,25.529882,0.5330693,,704.38763,,0,,0,1.5505409,1,0,0,0,0,0,,0.5330693,704.38763,0,0,0,0,0
44.587444_11.03769,Generic,2/3/2024,2024,34,2023,100,18.19,3.67,83.24118,31.685692,0,0,18.19,646.93854,1,25.87754,0.5546274,,761.57367,,0,,0,1.5505409,1,0,0,0,0,0,,0.5546274,761.57367,0,0,0,0,0
44.587444_11.03769,Generic,2/4/2024,2024,35,2023,101,18.1,4.92,86.56563,36.17315,0,0,18.1,656.4895,1,26.25958,0.5780796,,826.7481,,0,,0,1.5505409,1,0,0,0,0,0,,0.5780796,826.7481,0,0,0,0,0
44.587444_11.03769,Generic,2/5/2024,2024,36,2023,102,16.76,5.1999993,89.35082,41.435303,0,0,16.76,665.25446,1,26.610178,0.5992989,,884.1639,,0,,0,1.5505409,1,0,0,0,0,0,,0.5992989,884.1639,0,0,0,0,0
44.587444_11.03769,Generic,2/6/2024,2024,37,2023,103,15.73,3.9400005,87.40062,39.629875,0,0,15.73,672.37177,1,26.89487,0.6162633,,929.1598,,0,,0,1.5505409,1,0,0,0,0,0,,0.6162633,929.1598,0,0,0,0,0
44.587444_11.03769,Generic,2/7/2024,2024,38,2023,104,14.79,5.8599997,93.46018,51.46755,3,0.01,14.789999,680.18427,1,27.20737,0.63456297,,976.9784,,0,,0,1.5505409,1,0,0,0,0,0,,0.63456297,976.9784,0,0,0,0,0
44.587444_11.03769,Generic,2/8/2024,2024,39,2023,105,16.03,5.01,89.82511,43.063465,0,0.04,16.03,688.27783,1,27.531115,0.6531192,,1032.2406,,0,,0.0053089606,1.5558499,1,0,0,0,0,0,,0.6531192,1032.2406,0,0,0,0,0
44.587444_11.03769,Generic,2/9/2024,2024,40,2023,106,12.99,8.26,100,73.977646,11,1.87,12.99,696.5236,1,27.860945,0.6715571,,1079.153,,0,,0,1.5564952,1,0,0,0,0,0,,0.6715571,1079.153,0,0,0,0,0
44.587444_11.03769,Generic,2/10/2024,2024,41,2023,107,13.13,7.19,98.383484,66.12781,7,7.3900003,13.129999,704.1002,1,28.16401,0.68804646,,1123.7925,,0,,0,1.5565617,1,0,0,0,0,0,,0.68804646,1123.7925,0,0,0,0,0
44.587444_11.03769,Generic,2/11/2024,2024,42,2023,108,14.53,6.62,95.74251,56.50376,5,2.04,14.53,712.27344,1,28.490936,0.70531434,,1178.4191,,0,,0,1.5565617,1,0,0,0,0,0,,0.70531434,1178.4191,0,0,0,0,0
44.587444_11.03769,Generic,2/12/2024,2024,43,2023,109,14.33,4.17,89.42134,45.091442,0,0.22,14.33,718.5842,1,28.743368,0.7182591,,1220.781,,0,,0,1.5565617,1,0,0,0,0,0,,0.7182591,1220.781,0,0,0,0,0
44.587444_11.03769,Generic,2/13/2024,2024,44,2023,110,14.809999,4.2399993,89.16453,43.80407,0,0.02,14.810001,725.2707,1,29.010826,0.73159045,,1268.029,,0,,0,1.5565617,1,0,0,0,0,0,,0.73159045,1268.029,0,0,0,0,0
44.587444_11.03769,Generic,2/14/2024,2024,45,2023,111,16.18,4.0599995,87.166336,38.72872,0,0,16.18,732.79034,1,29.311615,0.74609697,,1327.231,,0,,0,1.5565617,1,0,0,0,0,0,,0.74609697,1327.231,0,0,0,0,0
44.587444_11.03769,Generic,2/15/2024,2024,46,2023,112,17.64,3.7099996,84.21986,33.280838,0,0,17.64,741.1088,1,29.644352,0.76153046,,1400.1086,,0,,0,1.5565617,1,0,0,0,0,0,,0.76153046,1400.1086,0,0,0,0,0
44.587444_11.03769,Generic,2/16/2024,2024,47,2023,113,16.53,5.9300003,91.57933,45.33317,3,0,16.53,750.2431,1,30.009724,0.7777204,,1476.6918,,0,,0,1.5568485,1,0,0,0,0,0,,0.7777204,1476.6918,0,0,0,0,0
44.587444_11.03769,Generic,2/17/2024,2024,48,2023,114,16.4,7.4499993,95.78018,53.073563,5,0.01,16.4,760.4166,1,30.416664,0.7948099,,1563.1772,,0,,0,1.5568485,1,0,0,0,0,0,,0.7948099,1563.1772,0,0,0,0,0
44.587444_11.03769,Generic,2/18/2024,2024,49,2023,115,16.93,6.4699993,92.428,46.29984,3,0,16.93,770.25195,1,30.81008,0.8103859,,1651.1812,,0,,0,1.5568568,1,0,0,0,0,0,,0.8103859,1651.1812,0,0,0,0,0
44.587444_11.03769,Generic,2/19/2024,2024,50,2023,116,16.06,6.3500004,93.31238,48.996246,3,0,16.06,779.3492,1,31.17397,0.8239718,,1729.6919,,0,,0.0119777145,1.5688344,1,0,0,0,0,0,,0.8239718,1729.6919,0,0,0,0,0
44.587444_11.03769,Generic,2/20/2024,2024,51,2023,117,15.189999,8.73,100,65.807045,9,0.11,15.189999,789.57544,1,31.583017,0.8383164,,1814.6191,,0,,0,1.5688733,1,0,0,0,0,0,,0.8383164,1814.6191,0,0,0,0,0
44.587444_11.03769,Generic,2/21/2024,2024,52,2023,118,17.08,7.0200005,93.65202,48.259388,3,0,17.08,799.93744,1,31.9975,0.8518739,,1912.9458,,0,,0,1.5694138,1,0,0,0,0,0,,0.8518739,1912.9458,0,0,0,0,0
44.587444_11.03769,Generic,2/22/2024,2024,53,2023,119,14.53,7.2300005,97.38278,59.9289,7,3.21,14.53,808.5555,1,32.34222,0.8624221,,1983.376,,0,,0,1.5694661,1,0,0,0,0,0,,0.8624221,1983.376,0,0,0,0,0
44.587444_11.03769,Generic,2/23/2024,2024,54,2023,120,15.29,6.7699995,95.35718,54.143272,5,8.62,15.290001,817.3941,1,32.695763,0.87257725,,2060.2817,,0,,0,1.5694667,1,0,0,0,0,0,,0.87257725,2060.2817,0,0,0,0,0
44.587444_11.03769,Generic,2/24/2024,2024,55,2023,121,13.25,5.6199994,94.07732,56.30564,5,1.08,13.25,823.9569,1,32.958275,0.8796975,,2110.1707,,0,,0,1.5694667,1,0,0,0,0,0,,0.8796975,2110.1707,0,0,0,0,0
44.587444_11.03769,Generic,2/25/2024,2024,56,2023,122,13.719999,3.6699996,88.59338,44.87108,0,0.73,13.719999,829.53015,1,33.181206,0.88547194,,2154.3276,,0,,0,1.5694667,1,0,0,0,0,0,,0.88547194,2154.3276,0,0,0,0,0
44.587444_11.03769,Generic,2/26/2024,2024,57,2023,123,9.83,2.38,86.29697,51.572227,0,7.59,9.83,832.1259,1,33.285038,0.88807815,,2169.1062,,0,,0,1.5713322,1,0,0,0,0,0,,0.88807815,2169.1062,0,0,0,0,0
44.587444_11.03769,Generic,2/27/2024,2024,58,2023,124,15.25,7.8500004,98.30215,60.250484,7,11.64,15.25,841.73663,1,33.669464,0.8972805,,2254.8728,,0,,0.013785316,1.5851176,1,0,0,0,0,0,,0.8972805,2254.8728,0,0,0,0,0
44.587444_11.03769,Generic,2/28/2024,2024,59,2023,125,14.23,8.630001,100,70.028534,9,8.36,14.23,851.1682,1,34.046726,0.9056535,,2334.144,,0,,0,1.5863507,1,0,0,0,0,0,,0.9056535,2334.144,0,0,0,0,0
44.587444_11.03769,Generic,2/29/2024,2024,60,2023,126,13.359999,7.4199996,98.85732,66.4946,7,4.59,13.360001,859.07416,1,34.362965,0.9121955,,2396.9805,,0,,0.008258795,1.5946095,1,0,0,0,0,0,,0.9121955,2396.9805,0,0,0,0,0
44.587444_11.03769,Generic,3/1/2024,2024,61,2023,127,13.6,8.33,100,71.2742,9,8.49,13.6,867.8171,1,34.712685,0.9189504,,2468.2412,,0,,0,1.5946095,1,0,0,0,0,0,,0.9189504,2468.2412,0,0,0,0,0
44.587444_11.03769,Generic,3/2/2024,2024,62,2023,128,15.09,6.16,93.949265,51.810528,5,1.93,15.09,876.06287,1,35.042515,0.92488354,,2543.295,,0,,0,1.5946178,1,0,0,0,0,0,,0.92488354,2543.295,0,0,0,0,0
44.587444_11.03769,Generic,3/3/2024,2024,63,2023,129,14.71,6.1400003,94.28501,53.210648,5,1.54,14.709999,884.0192,1,35.360767,0.9302277,,2614.2983,,0,,0,1.5946178,1,0,0,0,0,0,,0.9302277,2614.2983,0,0,0,0,0
44.587444_11.03769,Generic,3/4/2024,2024,64,2023,130,11.34,5.1800003,93.6855,61.65995,5,3.68,11.34,889.0356,1,35.561424,0.93341404,,2648.9272,,0,,0,1.5946178,1,0,0,0,0,0,,0.93341404,2648.9272,0,0,0,0,0
44.587444_11.03769,Generic,3/5/2024,2024,65,2023,131,17.16,5.26,88.926994,40.374393,0,0.75,17.16,898.1402,1,35.92561,0.93885434,,2744.5896,,0,,0,1.5946178,1,0,0,0,0,0,,0.93885434,2744.5896,0,0,0,0,0
44.587444_11.03769,Generic,3/6/2024,2024,66,2023,132,12.99,5.24,93.21927,55.26942,3,0.69,12.99,904.269,1,36.17076,0.9422796,,2793.5142,,0,,0,1.5946178,1,0,0,0,0,0,,0.9422796,2793.5142,0,0,0,0,0
44.587444_11.03769,Generic,3/7/2024,2024,67,2023,133,12.65,5.17,93.21368,56.23566,5,0.29,12.65,910.1245,1,36.40498,0.94538295,,2839.1838,,0,,0,1.5946178,1,0,0,0,0,0,,0.94538295,2839.1838,0,0,0,0,0
44.587444_11.03769,Generic,3/8/2024,2024,68,2023,134,13.81,5.4299994,93.17736,53.06568,3,1.69,13.81,916.9422,1,36.67769,0.94879824,,2897.4436,,0,,0,1.5946186,1,0,0,0,0,0,,0.94879824,2897.4436,0,0,0,0,0
44.587444_11.03769,Generic,3/9/2024,2024,69,2023,135,15.75,5.9799995,92.7202,48.406853,3,1.85,15.75,925.53827,1,37.02153,0.9528167,,2981.574,,0,,0,1.5946186,1,0,0,0,0,0,,0.9528167,2981.574,0,0,0,0,0
44.587444_11.03769,Generic,3/10/2024,2024,70,2023,136,14.109999,5.0799994,92.00824,50.15348,3,7.2,14.110001,932.32135,1,37.292854,0.9557741,,3041.2327,,0,,0,1.5946186,1,0,0,0,0,0,,0.9557741,3041.2327,0,0,0,0,0
44.587444_11.03769,Generic,3/11/2024,2024,71,2023,137,14.73,4.1199994,88.92725,43.545208,0,0.12,14.73,938.8705,1,37.554817,0.95846134,,3101.5337,,0,,0,1.5946186,1,0,0,0,0,0,,0.95846134,3101.5337,0,0,0,0,0
44.587444_11.03769,Generic,3/12/2024,2024,72,2023,138,17.86,4.41,85.655426,35.064644,0,0.050000004,17.86,947.8641,1,37.914562,0.9618979,,3202.298,,0,,0,1.5946186,1,0,0,0,0,0,,0.9618979,3202.298,0,0,0,0,0
44.587444_11.03769,Generic,3/13/2024,2024,73,2023,139,17.88,5.7199993,88.987785,39.85993,0,0,17.88,957.84955,1,38.31398,0.9653936,,3314.708,,0,,0,1.5946186,1,0,0,0,0,0,,0.9653936,3314.708,0,0,0,0,0
44.587444_11.03769,Generic,3/14/2024,2024,74,2023,140,18.98,4.3800006,83.66231,31.859749,0,0,18.98,967.6549,1,38.706196,0.968524,,3432.261,,0,,0,1.5946215,1,0,0,0,0,0,,0.968524,3432.261,0,0,0,0,0
44.587444_11.03769,Generic,3/15/2024,2024,75,2023,141,14.54,5.88,93.75492,52.542313,5,0.13,14.540001,975.3028,1,39.01211,0.9707738,,3502.6633,,0,,0,1.59465,1,0,0,0,0,0,,0.9707738,3502.6633,0,0,0,0,0
44.587444_11.03769,Generic,3/16/2024,2024,76,2023,142,17.32,6.9300003,93.04432,46.93295,3,0.31,17.32,985.7781,1,39.43112,0.97360367,,3617.865,,0,,0,1.6027468,1,0,0,0,0,0,,0.97360367,3617.865,0,0,0,0,0
44.587444_11.03769,Generic,3/17/2024,2024,77,2023,143,18.48,9.48,97.78436,54.52301,5,0,18.48,999.0665,1,39.96266,0.9768122,,3774.3064,,0,,0,1.6052979,1,0,0,0,0,0,,0.9768122,3774.3064,0,0,0,0,0
44.587444_11.03769,Generic,3/18/2024,2024,78,2023,144,16.37,8.280001,98.04173,57.59642,7,2.25,16.37,1009.84436,1,40.393776,0.97913194,,3886.9702,,0,,0,1.6054182,1,0,0,0,0,0,,0.97913194,3886.9702,0,0,0,0,0
44.587444_11.03769,Generic,3/19/2024,2024,79,2023,145,17.89,7.3800006,93.295746,46.81907,3,0.12,17.89,1021.09235,1,40.843693,0.9813105,,4015.7524,,0,,0,1.6054182,1,0,0,0,0,0,,0.9813105,4015.7524,0,0,0,0,0
44.587444_11.03769,Generic,3/20/2024,2024,80,2023,146,19.66,5.8699994,86.12977,34.877483,0,0.02,19.66,1032.5378,1,41.301514,0.98329794,,4160.0522,,0,,0,1.6054182,1,0,0,0,0,0,,0.98329794,4160.0522,0,0,0,0,0
44.587444_11.03769,Generic,3/21/2024,2024,81,2023,147,20.74,8.280001,89.95645,40.194782,0,1.26,20.74,1046.6218,1,41.864872,0.9854602,,4347.7837,,0,,0,1.6092551,1,0,0,0,0,0,,0.9854602,4347.7837,0,0,0,0,0
44.587444_11.03769,Generic,3/22/2024,2024,82,2023,148,19.81,9.36,94.79292,48.25872,5,0.06,19.81,1060.8176,1,42.432705,0.98736006,,4528.869,,0,,0,1.613194,1,0,0,0,0,0,,0.98736006,4528.869,0,0,0,0,0
44.587444_11.03769,Generic,3/23/2024,2024,83,2023,149,19.82,9.380001,94.82371,48.30945,5,0.03,19.82,1075.0358,1,43.00143,0.9890169,,4710.6357,,0,,0,1.613194,1,0,0,0,0,0,,0.9890169,4710.6357,0,0,0,0,0
44.587444_11.03769,Generic,3/24/2024,2024,84,2023,150,17.36,5.2099996,88.49538,39.535618,0,0.63,17.36,1084.2516,1,43.370064,0.9899742,,4813.929,,0,,0,1.613194,1,0,0,0,0,0,,0.9899742,4813.929,0,0,0,0,0
44.587444_11.03769,Generic,3/25/2024,2024,85,2023,151,17.33,2.5100002,81.65094,30.223673,0,0.11,17.33,1091.4883,1,43.65953,0.9906675,,4894.956,,0,,0,1.613194,1,0,0,0,0,0,,0.9906675,4894.956,0,0,0,0,0
44.587444_11.03769,Generic,3/26/2024,2024,86,2023,152,11.24,6.4,96.98841,69.92419,7,6.3600006,11.24,1097.2251,1,43.889004,0.9911833,,4936.6387,,0,,0,1.6149858,1,0,0,0,0,0,,0.9911833,4936.6387,0,0,0,0,0
44.587444_11.03769,Generic,3/27/2024,2024,87,2023,153,13.52,7.58,99.17949,66.74496,7,5.11,13.52,1105.362,1,44.21448,0.99186665,,5007.8022,,0,,0,1.615,1,0,0,0,0,0,,0.99186665,5007.8022,0,0,0,0,0
44.587444_11.03769,Generic,3/28/2024,2024,88,2023,154,18.65,6.91,90.72653,42.03375,1,3.09,18.65,1116.8303,1,44.673214,0.99274147,,5146.279,,0,,0,1.6152976,1,0,0,0,0,0,,0.99274147,5146.279,0,0,0,0,0
44.587444_11.03769,Generic,3/29/2024,2024,89,2023,155,20.69,8.370001,90.29936,40.720387,1,0.01,20.69,1130.9441,1,45.237766,0.99369097,,5335.522,,0,,0,1.6153066,1,0,0,0,0,0,,0.99369097,5335.522,0,0,0,0,0
44.587444_11.03769,Generic,3/30/2024,2024,90,2023,156,22.53,8.6,86.42948,35.373543,0,0.25,22.53,1146.5773,1,45.86309,0.9945991,,5563.987,,0,,0,1.628952,1,0,0,0,0,0,,0.9945991,5563.987,0,0,0,0,0
44.587444_11.03769,Generic,3/31/2024,2024,91,2023,157,19.89,10.290001,97.05401,52.328884,5,0.45,19.89,1161.5199,1,46.460796,0.9953452,,5756.916,,0,,0.09560306,1.7245551,1,0,0,0,0,0,,0.9953452,5756.916,0,0,0,0,0
44.587444_11.03769,Generic,4/1/2024,2024,92,2023,158,15.78,10.89,100,77.00764,13,2.23,15.779999,1173.8315,1,46.953262,0.9958823,,5883.0977,,0,,0,1.7255017,1,0,0,0,0,0,,0.9958823,5883.0977,0,0,0,0,0
44.587444_11.03769,Generic,4/2/2024,2024,93,2023,159,19.56,8.58,93.286995,45.760544,3,0.04,19.56,1187.2556,1,47.490223,0.9963977,,6053.726,,0,,0,1.739158,1,0,0,0,0,0,,0.9963977,6053.726,0,0,0,0,0
44.587444_11.03769,Generic,4/3/2024,2024,94,2023,160,17.34,9.52,99.8995,60.00641,7,0.03,17.34,1199.7115,1,47.988464,0.99594146,,6194.0146,,0,,0,1.7392752,0.9995421,0,0,0,0,0,,0.99594146,6194.0146,0,0,0,0,0
44.587444_11.03769,Generic,4/4/2024,2024,95,2023,161,20.44,8.06,90.06582,40.386604,1,0,20.44,1213.4064,1,48.536255,0.99534863,,6375.723,,0,,0,1.7399892,0.99894714,0,0,0,0,0,,0.99534863,6375.723,0,0,0,0,0
44.587444_11.03769,Generic,4/5/2024,2024,96,2023,162,22.44,9.48,88.85752,38.803696,0,0.01,22.44,1229.6031,1,49.184124,0.9945353,,6611.464,,0,,0,1.7407198,0.9981309,0,0,0,0,0,,0.9945353,6611.464,0,0,0,0,0
44.587444_11.03769,Generic,4/6/2024,2024,97,2023,163,24.829998,10.089999,83.73,32.984146,0,0,24.83,1247.8236,1,49.912945,0.9934503,,6904.5845,,0,,0,1.7408935,0.99704194,0,0,0,0,0,,0.9934503,6904.5845,0,0,0,0,0
44.587444_11.03769,Generic,4/7/2024,2024,98,2023,164,25.420002,9.840001,81.382416,30.438316,0,0,25.42,1266.2594,2,50.650375,0.9921348,,7207.813,,303.2287,,0,1.7962061,0.9957217,0,0,0,0,0,,0.9921348,7207.813,303.2287,0,0,0,0
44.587444_11.03769,Generic,4/8/2024,2024,99,2023,165,26.29,13.349999,87.041405,38.996315,0,0,26.29,1287.127,2,51.48508,0.9903273,,7562.14,,657.5558,,0,1.8088833,0.9939077,0,0,0,0,0,,0.9903273,7562.14,657.5558,0,0,0,0
44.587444_11.03769,Generic,4/9/2024,2024,100,2023,166,23.66,11.28,90.03703,41.184055,1,0.25,23.66,1305.3602,2,52.21441,0.9884151,,7840.2275,,935.64307,,0.23562118,2.0445044,0.9919886,0,0,0,0,0,,0.9884151,7840.2275,935.64307,0,0,0,0
44.587444_11.03769,Generic,4/10/2024,2024,101,2023,167,17.73,12.8,100,78.77663,13,5.87,17.73,1320.5587,2,52.82235,0.98653907,,8013.6025,,1109.0183,,0,2.0658262,0.99010575,0,0,0,0,0,,0.98653907,8013.6025,1109.0183,0,0,0,0
44.587444_11.03769,Generic,4/11/2024,2024,102,2023,168,20.88,11.01,96.66808,51.43916,5,0.20000002,20.88,1336.7343,2,53.46937,0.984213,,8230.394,,1325.8098,,0,2.0753944,0.9877713,0,0,0,0,0,,0.984213,8230.394,1325.8098,0,0,0,0
44.587444_11.03769,Generic,4/12/2024,2024,103,2023,169,23.99,11.24,88.989815,39.79937,0,0,23.99,1355.1511,2,54.206043,0.98108107,,8513.086,,1608.5026,,0,2.1963935,0.984628,0,0,0,0,0,,0.98108107,8513.086,1608.5026,0,0,0,0
44.587444_11.03769,Generic,4/13/2024,2024,104,2023,170,27.21,15,87.905495,41.51718,0,0,27.21,1377.0809,2,55.08324,0.9765509,,8893.119,,1988.536,,0,2.2151995,0.98008144,0,0,0,0,0,,0.9765509,8893.119,1988.536,0,0,0,0
44.587444_11.03769,Generic,4/14/2024,2024,105,2023,171,29.86,13.419999,75.02357,27.424505,0,0,29.86,1399.3566,2,55.974262,0.9708703,,9314.277,,2409.6943,,0,2.3065078,0.9743804,0,0,0,0,0,,0.9708703,9314.277,2409.6943,0,0,0,0
44.587444_11.03769,Generic,4/15/2024,2024,106,2023,172,25.5,13.919999,90.98863,44.331093,1,0,25.5,1420.1193,2,56.80477,0.96438783,,9647.273,,2742.6907,,0,2.3065078,0.9678744,0,0,0,0,0,,0.96438783,9647.273,2742.6907,0,0,0,0
44.587444_11.03769,Generic,4/16/2024,2024,107,2023,173,23.52,7.5300007,81.22551,29.113188,0,0.07,23.52,1435.6948,2,57.427795,0.9586341,,9876.306,,2971.7227,,0,2.3065078,0.96209985,0,0,0,0,0,,0.9586341,9876.306,2971.7227,0,0,0,0
44.587444_11.03769,Generic,4/17/2024,2024,108,2023,174,17.68,5.0699997,87.63481,37.9961,0,0.06,17.68,1445.0446,2,57.801785,0.95476323,,9979.234,,3074.6516,,0,2.3065078,0.95821506,0,0,0,0,0,,0.95476323,9979.234,3074.6516,0,0,0,0
44.587444_11.03769,Generic,4/18/2024,2024,109,2023,175,12.32,5.73,94.86433,60.804516,5,4.56,12.32,1451.0529,2,58.042114,0.95209616,,10025.197,,3120.6147,,0,2.3065078,0.95553833,0,0,0,0,0,,0.95209616,10025.197,3120.6147,0,0,0,0
44.587444_11.03769,Generic,4/19/2024,2024,110,2023,176,18,3.3999996,82.86915,31.320658,0,0.04,18,1459.4078,2,58.376312,0.9481384,,10118.19,,3213.6077,,0,2.3076463,0.9515663,0,0,0,0,0,,0.9481384,10118.19,3213.6077,0,0,0,0
44.587444_11.03769,Generic,4/20/2024,2024,111,2023,177,16.17,7.8899994,97.26972,56.36142,5,1.6700001,16.17,1469.7396,2,58.78959,0.9428164,,10220.916,,3316.3333,,0,2.3076587,0.946225,0,0,0,0,0,,0.9428164,10220.916,3316.3333,0,0,0,0
44.587444_11.03769,Generic,4/21/2024,2024,112,2023,178,14,6.16,94.977264,56.19837,5,1.75,14,1477.2025,2,59.0881,0.93865734,,10284.875,,3380.2925,,0,2.3076587,0.94205093,0,0,0,0,0,,0.93865734,10284.875,3380.2925,0,0,0,0
44.587444_11.03769,Generic,4/22/2024,2024,113,2023,179,10.67,5.7800007,95.36873,68.41619,7,11.88,10.67,1482.1749,2,59.287,0.93573105,,10317.253,,3412.6702,,0,2.3076587,0.93911403,0,0,0,0,0,,0.93573105,10317.253,3412.6702,0,0,0,0
44.587444_11.03769,Generic,4/23/2024,2024,114,2023,180,12.23,5.5499997,94.417915,60.122437,5,5.75,12.23,1488.004,2,59.52016,0.93213516,,10360.591,,3456.008,,0,2.3076587,0.93550515,0,0,0,0,0,,0.93213516,10360.591,3456.008,0,0,0,0
44.587444_11.03769,Generic,4/24/2024,2024,115,2023,181,11.75,4.23,91.05819,54.581177,3,2.61,11.75,1492.6849,2,59.707397,0.9291135,,10393.919,,3489.3357,,0,2.3076587,0.9324726,0,0,0,0,0,,0.9291135,10393.919,3489.3357,0,0,0,0
44.587444_11.03769,Generic,4/25/2024,2024,116,2023,182,13.62,4.3900003,90.55881,48.561375,1,0.32,13.62,1498.6666,2,59.946663,0.92507136,,10443.07,,3538.4873,,0,2.3076587,0.92841583,0,0,0,0,0,,0.92507136,10443.07,3538.4873,0,0,0,0
44.587444_11.03769,Generic,4/26/2024,2024,117,2023,183,15.98,4.7099996,89.10379,41.966393,0,0.68,15.98,1506.5078,2,60.260315,0.9194518,,10518.207,,3613.6243,,0,2.3076792,0.9227759,0,0,0,0,0,,0.9194518,10518.207,3613.6243,0,0,0,0
44.587444_11.03769,Generic,4/27/2024,2024,118,2023,184,17.77,6.99,92.4748,45.526676,3,0.7,17.77,1517.369,2,60.69476,0.91103274,,10632.88,,3728.297,,0,2.3076808,0.9143264,0,0,0,0,0,,0.91103274,10632.88,3728.297,0,0,0,0
44.587444_11.03769,Generic,4/28/2024,2024,119,2023,185,24.1,8.17,81.19536,29.356878,0,0.03,24.100002,1533.8119,2,61.352474,0.8967738,,10864.642,,3960.059,,0,2.3078976,0.90001595,0,0,0,0,0,,0.8967738,10864.642,3960.059,0,0,0,0
44.587444_11.03769,Generic,4/29/2024,2024,120,2023,186,24.04,9.349999,84.21091,33.09538,0,0.01,24.04,1551.026,2,62.04104,0.87971556,,11102.065,,4197.483,,0,2.3096972,0.88289607,0,0,0,0,0,,0.87971556,11102.065,4197.483,0,0,0,0
44.587444_11.03769,Generic,4/30/2024,2024,121,2023,187,25.86,10.599999,81.84695,31.377373,0,0,25.86,1570.1941,2,62.807762,0.8579125,,11379.406,,4474.824,,0,2.3781352,0.8610141,0,0,0,0,0,,0.8579125,11379.406,4474.824,0,0,0,0
44.587444_11.03769,Generic,5/1/2024,2024,122,2023,188,22.14,12.650001,97.727974,53.64575,5,3.52,22.14,1588.3314,2,63.533257,0.83433753,,11597.908,,4693.3267,,0,2.378529,0.83735394,0,0,0,0,0,,0.83433753,11597.908,4693.3267,0,0,0,0
44.587444_11.03769,Generic,5/2/2024,2024,123,2023,189,19.18,8.21,93.0927,45.599106,3,2.99,19.18,1601.1891,2,64.04756,0.8157943,,11729.115,,4824.533,,0,2.378529,0.8187437,0,0,0,0,0,,0.8157943,11729.115,4824.533,0,0,0,0
44.587444_11.03769,Generic,5/3/2024,2024,124,2023,190,20.07,6.3199997,86.43468,35.200172,0,0.33,20.07,1613.2881,2,64.531525,0.7969143,,11855.319,,4950.737,,0,2.3808076,0.7997954,0,0,0,0,0,,0.7969143,11855.319,4950.737,0,0,0,0
44.587444_11.03769,Generic,5/4/2024,2024,125,2023,191,21.56,9.56,91.28193,42.287018,3,0.18,21.56,1628.9141,2,65.15656,0.77045095,,12024.599,,5120.016,,0,2.3838513,0.7732364,0,0,0,0,0,,0.77045095,12024.599,5120.016,0,0,0,0
44.587444_11.03769,Generic,5/5/2024,2024,126,2023,192,24.64,10.59,85.49813,35.22172,0,0.02,24.64,1647.3309,2,65.89324,0.73627377,,12242.5,,5337.917,,0,2.4426322,0.73893565,0,0,0,0,0,,0.73627377,12242.5,5337.917,0,0,0,0
44.587444_11.03769,Generic,5/6/2024,2024,127,2023,193,22.43,12.53,96.635,51.709187,5,0.04,22.43,1665.5769,2,66.62308,0.6993556,,12429.163,,5524.5796,,0.070096724,2.512729,0.70188403,0,0,0,0,0,,0.6993556,12429.163,5524.5796,0,0,0,0
44.587444_11.03769,Generic,5/7/2024,2024,128,2023,194,18.32,11.33,100,65.657715,9,4.21,18.32,1680.129,2,67.20516,0.66790164,,12545.289,,5640.705,,0,2.5155706,0.67031634,0,0,0,0,0,,0.66790164,12545.289,5640.705,0,0,0,0
44.587444_11.03769,Generic,5/8/2024,2024,129,2023,195,20.85,9.47,92.7518,44.610477,3,0.17,20.85,1695.1742,2,67.80697,0.63373137,,12674.938,,5770.3545,,0,2.6046653,0.63602257,0,0,0,0,0,,0.63373137,12674.938,5770.3545,0,0,0,0
44.587444_11.03769,Generic,5/9/2024,2024,130,2023,196,21.69,12.88,99.516655,57.000957,7,0.03,21.69,1713.1698,2,68.526794,0.59104866,,12825.3955,,5920.811,,0,2.615823,0.59318554,0,0,0,0,0,,0.59104866,12825.3955,5920.811,0,0,0,0
44.587444_11.03769,Generic,5/10/2024,2024,131,2023,197,24.45,11.41,88.062416,38.746967,0,0,24.45,1731.9773,2,69.27909,0.54493517,,12988.82,,6084.2354,,0,2.7103043,0.5469053,0,0,0,0,0,,0.54493517,12988.82,6084.2354,0,0,0,0
44.587444_11.03769,Generic,5/11/2024,2024,132,2023,198,26.309998,14.319999,89.31655,42.56785,0,0,26.309998,1753.2905,2,70.13162,0.49177447,,13168.666,,6264.0806,,0,2.7418048,0.49355245,0,0,0,0,0,,0.49177447,13168.666,6264.0806,0,0,0,0
44.587444_11.03769,Generic,5/12/2024,2024,133,2023,199,28.23,13.200001,80.18972,31.752468,0,0.03,28.23,1774.9312,2,70.997246,0.437993,,13343.172,,6438.5864,,0,2.8287735,0.4395765,0,0,0,0,0,,0.437993,13343.172,6438.5864,0,0,0,0
44.587444_11.03769,Generic,5/13/2024,2024,134,2023,200,25.76,13.9,90.10025,43.170116,1,0.14,25.760002,1795.8081,2,71.83232,0.38744116,,13479.061,,6574.475,,0,2.9673138,0.38884187,0,0,0,0,0,,0.38744116,13479.061,6574.475,0,0,0,0
44.587444_11.03769,Generic,5/14/2024,2024,135,2023,201,25.09,14.610001,94.0111,49.078674,3,0.72,25.09,1816.7039,2,72.66815,0.33916026,,13595.025,,6690.4404,,0,3.1509867,0.34038645,0,0,0,0,0,,0.33916026,13595.025,6690.4404,0,0,0,0
44.587444_11.03769,Generic,5/15/2024,2024,136,2023,202,22.88,14.47,100,59.308624,7,4.74,22.88,1836.3851,2,73.45541,0.29653534,,13682.111,,6777.527,,0,3.188497,0.29760736,0,0,0,0,0,,0.29653534,13682.111,6777.527,0,0,0,0
44.587444_11.03769,Generic,5/16/2024,2024,137,2023,203,23.45,12.25,93.06975,45.96512,3,3.9700003,23.45,1855.0945,2,74.20378,0.25904372,,13756.231,,6851.6475,,0,3.2146356,0.25998026,0,0,0,0,0,,0.25904372,13756.231,6851.6475,0,0,0,0
44.587444_11.03769,Generic,5/17/2024,2024,138,2023,204,23.66,11.93,91.661606,43.768112,3,3.7,23.66,1873.736,2,74.94944,0.2248959,,13820.922,,6916.338,,0,3.2177474,0.22570896,0,0,0,0,0,,0.2248959,13820.922,6916.338,0,0,0,0
44.587444_11.03769,Generic,5/18/2024,2024,139,2023,205,26.940002,11.250001,79.97257,30.036327,0,8.45,26.940002,1893.876,2,75.75504,0.19173749,,13888.769,,6984.1846,,0,3.249401,0.19243068,0,0,0,0,0,,0.19173749,13888.769,6984.1846,0,0,0,0
44.587444_11.03769,Generic,5/19/2024,2024,140,2023,206,27.77,13.040001,81.38533,32.757584,0,0.01,27.77,1915.2655,2,76.61062,0.16075043,,13951.04,,7046.4565,,0,3.430336,0.1613316,0,0,0,0,0,,0.16075043,13951.04,7046.4565,0,0,0,0
44.587444_11.03769,Generic,5/20/2024,2024,141,2023,207,24.2,14.91,97.568855,54.76876,5,9.39,24.2,1935.8771,2,77.43508,0.1348464,,13994.906,,7090.3228,,0,3.658824,0.1353339,0,0,0,0,0,,0.1348464,13994.906,7090.3228,0,0,0,0
44.587444_11.03769,Generic,5/21/2024,2024,142,2023,208,22.91,14.920001,100,61.60127,7,4.31,22.91,1955.8237,2,78.23295,0.113222696,,14028.649,,7124.0664,,0,3.7856889,0.11363208,0,0,0,0,0,,0.113222696,14028.649,7124.0664,0,0,0,0
44.587444_11.03769,Generic,5/22/2024,2024,143,2023,209,22.48,13.66,99.416664,57.10017,7,1.54,22.48,1974.8009,2,78.99204,0.095521346,,14055.226,,7150.6426,,0,3.8230894,0.09586668,0,0,0,0,0,,0.095521346,14055.226,7150.6426,0,0,0,0
44.587444_11.03769,Generic,5/23/2024,2024,144,2023,210,23.74,12.31,92.38316,45.01294,3,1.44,23.74,1993.7238,2,79.748955,0.08037687,,14078.774,,7174.191,,0,3.82995,0.080667436,0,0,0,0,0,,0.08037687,14078.774,7174.191,0,0,0,0
44.587444_11.03769,Generic,5/24/2024,2024,145,2023,211,24.19,10.99,87.79267,38.157005,0,0.11,24.19,2012.1091,2,80.48437,0.06779329,,14098.4375,,7193.8545,,0,3.9242644,0.068038404,0,0,0,0,0,,0.06779329,14098.4375,7193.8545,0,0,0,0
44.587444_11.03769,Generic,5/25/2024,2024,146,2023,212,23.370003,13.430001,96.29382,51.62562,5,1.8,23.37,2031.4764,2,81.25906,0.056531537,,14115.125,,7210.5415,,0,3.9398892,0.056735933,0,0,0,0,0,,0.056531537,14115.125,7210.5415,0,0,0,0
44.587444_11.03769,Generic,5/26/2024,2024,147,2023,213,26.34,12.05,83.77477,34.365726,0,0,26.34,2051.722,2,82.06888,0.04665401,,14131.351,,7226.767,,0,4.0841274,0.046822667,0,0,0,0,0,,0.04665401,14131.351,7226.767,0,0,0,0
44.587444_11.03769,Generic,5/27/2024,2024,148,2023,214,28.58,15.79,84.9404,38.960964,0,0.64,28.58,2074.2856,2,82.97142,0.03758444,,14147.157,,7242.5737,,0,4.223977,0.037720323,0,0,0,0,0,,0.03758444,14147.157,7242.5737,0,0,0,0
44.587444_11.03769,Generic,5/28/2024,2024,149,2023,215,25.34,14.700001,93.43051,48.335094,3,4.63,25.34,2095.3384,2,83.81354,0.030668108,,14157.827,,7253.2437,,0,4.3741107,0.030778944,0,0,0,0,0,,0.030668108,14157.827,7253.2437,0,0,0,0
44.587444_11.03769,Generic,5/29/2024,2024,150,2023,216,25.35,14.86,93.7953,48.997856,3,1.71,25.349998,2116.4678,2,84.658714,0.024972811,,14166.551,,7261.9673,,0,4.651299,0.025063097,0,0,0,0,0,,0.024972811,14166.551,7261.9673,0,0,0,0
44.587444_11.03769,Generic,5/30/2024,2024,151,2023,217,24.690002,16.140001,99.14493,58.47846,7,4.16,24.690002,2137.8657,2,85.514626,0.020259636,,14173.531,,7268.9478,,0,4.8257074,0.020332873,0,0,0,0,0,,0.020259636,14173.531,7268.9478,0,0,0,0
44.587444_11.03769,Generic,5/31/2024,2024,152,2023,218,23.11,14.450001,99.66757,57.99553,7,5.04,23.11,2157.664,2,86.30656,0.016681371,,14178.509,,7273.9253,,0,4.846136,0.016741693,0,0,0,0,0,,0.016681371,14178.509,7273.9253,0,0,0,0
44.587444_11.03769,Generic,6/1/2024,2024,153,2023,219,27.08,12.440001,82.29056,33.157887,0,0.20000002,27.08,2178.4746,2,87.138985,0.013589889,,14183.504,,7278.92,,0,4.945873,0.013639033,0,0,0,0,0,,0.013589889,14183.504,7278.92,0,0,0,0
44.587444_11.03769,Generic,6/2/2024,2024,154,2023,220,25.130001,13.9800005,92.31841,46.1592,3,3.9900002,25.129997,2199.0862,2,87.96345,0.011086684,,14187.249,,7282.665,,0.71036917,5.656242,0.011126757,0,0,0,0,0,,0.011086684,14187.249,7282.665,0,0,0,0
44.587444_11.03769,Generic,6/3/2024,2024,155,2023,221,22.02,15.170001,100,68.14735,24,15.55,22.02,2218.6772,2,88.74709,0.0091322195,,14189.818,,7285.2344,,0,5.7103157,0.009165227,0,0,0,0,0,,0.0091322195,14189.818,7285.2344,0,0,0,0
44.587444_11.03769,Generic,6/4/2024,2024,156,2023,222,26.84,13.43,85.41885,37.242737,0,0.26,26.84,2239.8335,2,89.59334,0.007403767,,14192.561,,7287.976,,0,5.7917995,0.0074305534,0,0,0,0,0,,0.007403767,14192.561,7287.976,0,0,0,0
44.587444_11.03769,Generic,6/5/2024,2024,157,2023,223,29.12,14.81,80.751976,33.709415,0,0.01,29.12,2262.289,2,90.49156,0.0059234775,,14195.087,,7290.502,,0,5.855968,0.005944848,0,0,0,0,0,,0.0059234775,14195.087,7290.502,0,0,0,0
44.587444_11.03769,Generic,6/6/2024,2024,158,2023,224,29.81,14.79,78.23248,31.3433,0,0,29.81,2284.9048,2,91.39619,0.004730194,,14197.167,,7292.5815,,0,6.024181,0.0047472715,0,0,0,0,0,,0.004730194,14197.167,7292.5815,0,0,0,0
44.587444_11.03769,Generic,6/7/2024,2024,159,2023,225,31.27,17.62,79.07262,34.904583,0,0.02,31.27,2307.8765,2,92.31506,0.0037630158,,14198.93,,7294.344,,0,6.3253713,0.00377661,0,0,0,0,0,,0.0037630158,14198.93,7294.344,0,0,0,0
44.587444_11.03769,Generic,6/8/2024,2024,160,2023,226,30.29,19.080002,86.1291,44.06357,0,0.07,30.29,2330.809,2,93.23236,0.0029941665,,14200.286,,7295.7007,,0,6.6421227,0.0030050278,0,0,0,0,0,,0.0029941665,14200.286,7295.7007,0,0,0,0
44.587444_11.03769,Generic,6/9/2024,2024,161,2023,227,30.82,19.56,85.1482,43.542625,0,0.33,30.82,2353.6025,2,94.1441,0.0023853409,,14201.379,,7296.7935,,0,6.985672,0.002393961,0,0,0,0,0,,0.0023853409,14201.379,7296.7935,0,0,0,0
44.587444_11.03769,Generic,6/10/2024,2024,162,2023,228,29.2,18.94,90.00687,48.60192,1,1.2,29.2,2376.6018,2,95.06407,0.0018961763,,14202.209,,7297.624,,0,7.1227865,0.0019030571,0,0,0,0,0,,0.0018961763,14202.209,7297.624,0,0,0,0
44.587444_11.03769,Generic,6/11/2024,2024,163,2023,229,28.65,15.690001,84.45647,38.335827,0,0.85,28.650002,2399.1584,2,95.96634,0.0015138498,,14202.847,,7298.262,,0,7.265278,0.0015193224,0,0,0,0,0,,0.0015138498,14202.847,7298.262,0,0,0,0
44.587444_11.03769,Generic,6/12/2024,2024,164,2023,230,26.97,15.440001,89.78829,44.24134,0,3.86,26.97,2421.1575,2,96.8463,0.001215268,,14203.317,,7298.7324,,0,7.355795,0.0012196898,0,0,0,0,0,,0.001215268,14203.317,7298.7324,0,0,0,0
44.587444_11.03769,Generic,6/13/2024,2024,165,2023,231,21.82,12.94,99.33196,56.667072,7,1.07,21.82,2439.2756,2,97.57103,0.0010140829,,14203.579,,7298.9937,,0,7.3929677,0.0010177493,0,0,0,0,0,,0.0010140829,14203.579,7298.9937,0,0,0,0
44.587444_11.03769,Generic,6/14/2024,2024,166,2023,232,26.88,12.97,84.1964,35.540054,0,0,26.880001,2460.2412,2,98.409645,0.00082244043,,14203.882,,7299.296,,0,7.43398,0.0008254051,0,0,0,0,0,,0.00082244043,14203.882,7299.296,0,0,0,0
44.587444_11.03769,Generic,6/15/2024,2024,167,2023,233,30.16,14.380001,76.06657,29.088459,0,0,30.16,2482.8438,2,99.31375,0.000656168,,14204.174,,7299.5874,,0,7.5867767,0.0006585717,0,0,0,0,0,,0.000656168,14204.174,7299.5874,0,0,0,0
44.587444_11.03769,Generic,6/16/2024,2024,168,2023,234,30.079998,16.59,81.276405,35.977676,0,0,30.08,2505.783,2,100,0.00052173476,,14204.408,,7299.8223,,0,0,0.0005236268,0,0,0,0,0,,0.00052173476,14204.408,7299.8223,0,0,0,0
44.587444_11.03769,Generic,10/26/2024,2024,300,2024,1,20.45,12.990001,100,64.06844,9,5.1,20.45,17.247883,1,0.68991536,0.0022886056,,0.52645767,,0,,0,0.059915572,1,0,0,0,0,0,,0.0022886056,0.52645767,0,0,0,0,0
44.587444_11.03769,Generic,10/27/2024,2024,301,2024,2,22.02,12.450001,97.530174,53.22703,5,0.15,22.02,35.178574,1,1.4071429,0.0027368313,,1.2311926,,0,,0.33527258,0.39518815,1,0,0,0,0,0,,0.0027368313,1.2311926,0,0,0,0,0
44.587444_11.03769,Generic,10/28/2024,2024,302,2024,3,20.53,14.17,100,70.81951,11,0.03,20.53,53.25806,1,2.1303225,0.0032774096,,2.0245507,,0,,0,0.47899806,1,0,0,0,0,0,,0.0032774096,2.0245507,0,0,0,0,0
44.587444_11.03769,Generic,10/29/2024,2024,303,2024,4,20.739998,12.499999,100,59.762657,7,0.06,20.74,70.37042,1,2.814817,0.0038867192,,2.9241836,,0,,0,0.50290775,1,0,0,0,0,0,,0.0038867192,2.9241836,0,0,0,0,0
44.587444_11.03769,Generic,10/30/2024,2024,304,2024,5,21.080002,11.180001,96.62707,51.365513,5,0.10000001,21.08,86.806335,1,3.4722533,0.004577854,,3.958587,,0,,0,0.51956576,1,0,0,0,0,0,,0.004577854,3.958587,0,0,0,0,0
44.587444_11.03769,Generic,10/31/2024,2024,305,2024,6,21.690002,11.000001,94.64369,47.88977,5,0.03,21.69,103.54151,1,4.14166,0.0054072924,,5.238655,,0,,0,0.52515966,1,0,0,0,0,0,,0.0054072924,5.238655,0,0,0,0,0
44.587444_11.03769,Generic,11/1/2024,2024,306,2024,7,22.58,10.42,90.85452,41.89648,1,0.03,22.58,120.49008,1,4.8196034,0.0063996026,,6.8359075,,0,,0,0.5263567,1,0,0,0,0,0,,0.0063996026,6.8359075,0,0,0,0,0
44.587444_11.03769,Generic,11/2/2024,2024,307,2024,8,19.52,8.68,93.629684,46.35569,3,0,19.52,133.95938,1,5.358375,0.007315583,,8.090311,,0,,0,0.52770734,1,0,0,0,0,0,,0.007315583,8.090311,0,0,0,0,0
44.587444_11.03769,Generic,11/3/2024,2024,308,2024,9,17.86,8.33,95.85145,51.4143,5,0.01,17.86,145.9064,1,5.836256,0.008236281,,9.236446,,0,,0,0.52778816,1,0,0,0,0,0,,0.008236281,9.236446,0,0,0,0,0
44.587444_11.03769,Generic,11/4/2024,2024,309,2024,10,17.64,7.2199993,93.29308,47.0431,3,0.06,17.64,156.84335,1,6.2737336,0.00917945,,10.391427,,0,,0,0.5278357,1,0,0,0,0,0,,0.00917945,10.391427,0,0,0,0,0
44.587444_11.03769,Generic,11/5/2024,2024,310,2024,11,16.3,6.8999996,94.454056,50.72585,5,0.12,16.3,166.52888,1,6.661155,0.010103574,,11.4317045,,0,,0,0.5278357,1,0,0,0,0,0,,0.010103574,11.4317045,0,0,0,0,0
44.587444_11.03769,Generic,11/6/2024,2024,311,2024,12,16.03,5.2199993,90.37471,43.965263,1,0.03,16.03,174.77467,1,6.990987,0.010962483,,12.3767185,,0,,0,0.5280274,1,0,0,0,0,0,,0.010962483,12.3767185,0,0,0,0,0
44.587444_11.03769,Generic,11/7/2024,2024,312,2024,13,16.11,7.2199993,95.55853,53.096687,5,0.03,16.11,184.55756,1,7.382302,0.012075542,,13.617891,,0,,0,0.5313589,1,0,0,0,0,0,,0.012075542,13.617891,0,0,0,0,0
44.587444_11.03769,Generic,11/8/2024,2024,313,2024,14,15.42,8.15,98.91536,61.20487,7,0.02,15.42,194.52051,1,7.78082,0.013323737,,14.952831,,0,,0,0.53139037,1,0,0,0,0,0,,0.013323737,14.952831,0,0,0,0,0
44.587444_11.03769,Generic,11/9/2024,2024,314,2024,15,13.16,6.3500004,96.09381,60.846867,5,0.07,13.16,201.52591,1,8.061036,0.014276786,,15.811218,,0,,0,0.53139037,1,0,0,0,0,0,,0.014276786,15.811218,0,0,0,0,0
44.587444_11.03769,Generic,11/10/2024,2024,315,2024,16,14.84,4.8800006,90.81628,46.568386,1,0.050000004,14.84,208.67827,1,8.347131,0.015319102,,16.871643,,0,,0,0.53139037,1,0,0,0,0,0,,0.015319102,16.871643,0,0,0,0,0
44.587444_11.03769,Generic,11/11/2024,2024,316,2024,17,13.23,4.4699993,91.02936,50.351536,3,0.02,13.23,214.45456,1,8.578182,0.016215257,,17.6798,,0,,0,0.53139037,1,0,0,0,0,0,,0.016215257,17.6798,0,0,0,0,0
44.587444_11.03769,Generic,11/12/2024,2024,317,2024,18,11.79,3.5500002,89.2492,50.86368,0,0.03,11.79,218.74892,1,8.749957,0.01691473,,18.238321,,0,,0,0.53139037,1,0,0,0,0,0,,0.01691473,18.238321,0,0,0,0,0
44.587444_11.03769,Generic,11/13/2024,2024,318,2024,19,12.12,2.2699995,85.79509,43.691734,0,0.02,12.12,222.49257,1,8.899703,0.01754864,,18.757605,,0,,0,0.53139037,1,0,0,0,0,0,,0.01754864,18.757605,0,0,0,0,0
44.587444_11.03769,Generic,11/14/2024,2024,319,2024,20,10.05,3.33,88.81533,55.94694,0,1.36,10.05,225.68335,1,9.027334,0.018107308,,19.136292,,0,,0,0.53139037,1,0,0,0,0,0,,0.018107308,19.136292,0,0,0,0,0
44.587444_11.03769,Generic,11/15/2024,2024,320,2024,21,12.11,2.5,86.39691,44.75428,0,0,12.109999,229.55197,1,9.182079,0.018808104,,19.710949,,0,,0,0.53139037,1,0,0,0,0,0,,0.018808104,19.710949,0,0,0,0,0
44.587444_11.03769,Generic,11/16/2024,2024,321,2024,22,14.48,2.4500003,84.8179,37.508755,0,0,14.48,234.8283,1,9.393131,0.019806944,,20.697866,,0,,0,0.53139037,1,0,0,0,0,0,,0.019806944,20.697866,0,0,0,0,0
44.587444_11.03769,Generic,11/17/2024,2024,322,2024,23,15.22,4.1099997,88.40899,41.917603,0,0.14,15.219999,241.7084,1,9.668336,0.021187767,,22.144835,,0,,0,0.5314494,1,0,0,0,0,0,,0.021187767,22.144835,0,0,0,0,0
44.587444_11.03769,Generic,11/18/2024,2024,323,2024,24,15.05,6.8200006,95.75407,55.403908,5,0.03,15.050001,250.4072,1,10.016288,0.02306896,,24.114477,,0,,0,0.5314577,1,0,0,0,0,0,,0.02306896,24.114477,0,0,0,0,0
44.587444_11.03769,Generic,11/19/2024,2024,324,2024,25,14.66,6.1499996,94.360466,53.46223,5,0.54,14.66,258.33472,1,10.333389,0.024924768,,26.003626,,0,,0,0.5314577,1,0,0,0,0,0,,0.024924768,26.003626,0,0,0,0,0
44.587444_11.03769,Generic,11/20/2024,2024,325,2024,26,13.68,2.5200005,85.625656,40.08092,0,1.19,13.68,263.15134,1,10.526053,0.026122548,,27.12618,,0,,0,0.5314577,1,0,0,0,0,0,,0.026122548,27.12618,0,0,0,0,0
44.587444_11.03769,Generic,11/21/2024,2024,326,2024,27,11.6,0.119999886,80.42082,36.312252,0,4.06,11.6,265.51328,1,10.620531,0.026730202,,27.603813,,0,,0,0.5314577,1,0,0,0,0,0,,0.026730202,27.603813,0,0,0,0,0
44.587444_11.03769,Generic,11/22/2024,2024,327,2024,28,12.55,0.89000034,82.06959,36.802666,0,0.68,12.55,268.7359,1,10.749436,0.027581502,,28.33132,,0,,0,0.5314577,1,0,0,0,0,0,,0.027581502,28.33132,0,0,0,0,0
44.587444_11.03769,Generic,11/23/2024,2024,328,2024,29,11.72,-0.4300003,79.000786,34.001724,0,0,11.72,270.90048,1,10.8360195,0.028168034,,28.79736,,0,,0,0.5314577,1,0,0,0,0,0,,0.028168034,28.79736,0,0,0,0,0
44.587444_11.03769,Generic,11/24/2024,2024,329,2024,30,13.01,3.1399999,87.65957,44.793297,0,0,13.01,275.68616,1,11.027447,0.029508097,,29.995546,,0,,0,0.5314577,1,0,0,0,0,0,,0.029508097,29.995546,0,0,0,0,0
44.587444_11.03769,Generic,11/25/2024,2024,330,2024,31,14.23,2.67,85.59683,39.077003,0,0.01,14.23,280.9433,1,11.237732,0.03105142,,31.510502,,0,,0,0.5314577,1,0,0,0,0,0,,0.03105142,31.510502,0,0,0,0,0
44.587444_11.03769,Generic,11/26/2024,2024,331,2024,32,16.41,5.33,90.17019,43.144585,1,0.86,16.41,289.5467,1,11.581868,0.03374704,,34.617764,,0,,0,0.5314577,1,0,0,0,0,0,,0.03374704,34.617764,0,0,0,0,0
44.587444_11.03769,Generic,11/27/2024,2024,332,2024,33,10.92,5.9600005,95.83964,68.467575,7,1.85,10.92,294.79108,1,11.791643,0.035499588,,35.94364,,0,,0,0.5314577,1,0,0,0,0,0,,0.035499588,35.94364,0,0,0,0,0
44.587444_11.03769,Generic,11/28/2024,2024,333,2024,34,14.42,4.6399994,90.57857,46.92972,1,0.03,14.42,301.48444,1,12.059377,0.03786398,,38.327057,,0,,0,0.5314577,1,0,0,0,0,0,,0.03786398,38.327057,0,0,0,0,0
44.587444_11.03769,Generic,11/29/2024,2024,334,2024,35,13.46,4.96,92.179474,51.97813,3,0.03,13.46,307.74115,1,12.309646,0.040210404,,40.535534,,0,,0,0.5314577,1,0,0,0,0,0,,0.040210404,40.535534,0,0,0,0,0
44.587444_11.03769,Generic,11/30/2024,2024,335,2024,36,10.88,1.2300005,83.36578,42.77822,0,0.02,10.88,310.28842,1,12.411537,0.04120508,,41.2803,,0,,0,0.5314577,1,0,0,0,0,0,,0.04120508,41.2803,0,0,0,0,0
44.587444_11.03769,Generic,12/1/2024,2024,336,2024,37,10.07,-0.8699999,78.012535,36.284523,0,0,10.07,311.60406,1,12.464163,0.041728,,41.640842,,0,,0,0.5314577,1,0,0,0,0,0,,0.041728,41.640842,0,0,0,0,0
44.587444_11.03769,Generic,12/2/2024,2024,337,2024,38,10.89,0.6899996,81.979515,40.434563,0,0.04,10.89,313.90094,1,12.556037,0.042656176,,42.336685,,0,,0,0.5314577,1,0,0,0,0,0,,0.042656176,42.336685,0,0,0,0,0
44.587444_11.03769,Generic,12/3/2024,2024,338,2024,39,10.28,3.5600002,89.44196,56.38999,0,1.51,10.28,317.3392,1,12.693567,0.044082534,,43.35284,,0,,0,0.5314577,1,0,0,0,0,0,,0.044082534,43.35284,0,0,0,0,0
44.587444_11.03769,Generic,12/4/2024,2024,339,2024,40,10.29,2.7699997,87.3668,52.05226,0,1.91,10.29,320.36224,1,12.814489,0.04537413,,44.273357,,0,,0,0.5314577,1,0,0,0,0,0,,0.04537413,44.273357,0,0,0,0,0
44.587444_11.03769,Generic,12/5/2024,2024,340,2024,41,9.58,1.3199997,83.50419,47.04213,0,0.03,9.58,322.3543,1,12.894173,0.046244852,,44.848927,,0,,0,0.5314577,1,0,0,0,0,0,,0.046244852,44.848927,0,0,0,0,0
44.587444_11.03769,Generic,12/6/2024,2024,341,2024,42,11.01,0.21000004,80.74489,38.16056,0,0.01,11.01,324.48746,1,12.979499,0.047194865,,45.57181,,0,,0,0.5314577,1,0,0,0,0,0,,0.047194865,45.57181,0,0,0,0,0
44.587444_11.03769,Generic,12/7/2024,2024,342,2024,43,9.58,-0.39000034,79.14476,39.397488,0,4.84,9.58,325.7995,1,13.0319805,0.047788378,,45.96355,,0,,0,0.5314577,1,0,0,0,0,0,,0.047788378,45.96355,0,0,0,0,0
44.587444_11.03769,Generic,12/8/2024,2024,343,2024,44,5.44,1.46,81.11839,61.247368,24,25.239998,5.44,326.41016,1,13.056406,0.048067026,,46.067688,,0,,0,0.5314577,1,0,0,0,0,0,,0.048067026,46.067688,0,0,0,0,0
44.587444_11.03769,Generic,12/9/2024,2024,344,2024,45,4.43,3.43,84.89252,79.12798,0,11.32,4.43,327.28433,1,13.091373,0.048468597,,46.1901,,0,,0,0.5314577,1,0,0,0,0,0,,0.048468597,46.1901,0,0,0,0,0
44.587444_11.03769,Generic,12/10/2024,2024,345,2024,46,6.5,3.9300003,88.54164,74.04179,0,7.13,6.5,329.0769,1,13.163076,0.049302045,,46.564747,,0,,0,0.5314577,1,0,0,0,0,0,,0.049302045,46.564747,0,0,0,0,0
44.587444_11.03769,Generic,12/11/2024,2024,346,2024,47,9.8,3.1800003,88.38489,56.01889,0,0.07,9.8,332.0586,1,13.282344,0.05071853,,47.531284,,0,,0,0.5314577,1,0,0,0,0,0,,0.05071853,47.531284,0,0,0,0,0
44.587444_11.03769,Generic,12/12/2024,2024,347,2024,48,8.82,1.9899998,85.00577,52.88301,0,0.01,8.82,334.01175,1,13.360471,0.05166719,,48.11176,,0,,0,0.5314577,1,0,0,0,0,0,,0.05166719,48.11176,0,0,0,0,0
44.587444_11.03769,Generic,12/13/2024,2024,348,2024,49,6.25,-0.23000002,77.68793,49.08279,0,3.25,6.25,334.42105,1,13.3768425,0.051868115,,48.198296,,0,,0,0.5314577,1,0,0,0,0,0,,0.051868115,48.198296,0,0,0,0,0
44.587444_11.03769,Generic,12/14/2024,2024,349,2024,50,9.57,0.52000046,81.45175,43.34388,0,2.84,9.57,336.07516,1,13.4430065,0.052687623,,48.742237,,0,,0,0.5314577,1,0,0,0,0,0,,0.052687623,48.742237,0,0,0,0,0
44.587444_11.03769,Generic,12/15/2024,2024,350,2024,51,7.62,2.5,85.70165,59.9853,0,0.02,7.62,337.7413,1,13.509652,0.053525444,,49.185425,,0,,0,0.5314577,1,0,0,0,0,0,,0.053525444,49.185425,0,0,0,0,0
44.587444_11.03769,Generic,12/16/2024,2024,351,2024,52,12.42,1.1599998,82.81562,38.190964,0,0,12.42,341.03876,1,13.64155,0.05522076,,50.660343,,0,,0,0.5314577,1,0,0,0,0,0,,0.05522076,50.660343,0,0,0,0,0
44.587444_11.03769,Generic,12/17/2024,2024,352,2024,53,13.41,4.5300007,91.072754,49.997124,3,0.02,13.41,346.97385,1,13.878954,0.05840017,,53.691677,,0,,0,0.5314577,1,0,0,0,0,0,,0.05840017,53.691677,0,0,0,0,0
44.587444_11.03769,Generic,12/18/2024,2024,353,2024,54,12.82,4.2900004,90.78767,50.93562,1,0.20000002,12.82,352.3657,1,14.094628,0.061436698,,56.46128,,0,,0,0.5314577,1,0,0,0,0,0,,0.061436698,56.46128,0,0,0,0,0
44.587444_11.03769,Generic,12/19/2024,2024,354,2024,55,11.77,3.96,90.33734,53.06195,1,1.48,11.77,356.8942,1,14.275768,0.06410038,,58.689487,,0,,0,0.5314577,1,0,0,0,0,0,,0.06410038,58.689487,0,0,0,0,0
44.587444_11.03769,Generic,12/20/2024,2024,355,2024,56,10.24,3.1099997,88.25481,54.044342,0,5.42,10.24,360.0691,1,14.402763,0.06603162,,60.089542,,0,,0,0.5314577,1,0,0,0,0,0,,0.06603162,60.089542,0,0,0,0,0
44.587444_11.03769,Generic,12/21/2024,2024,356,2024,57,9.74,0.78999996,82.17504,44.083965,0,0,9.74,361.90335,1,14.476134,0.06717187,,60.872192,,0,,0,0.5314577,1,0,0,0,0,0,,0.06717187,60.872192,0,0,0,0,0
44.587444_11.03769,Generic,12/22/2024,2024,357,2024,58,8.72,0.9499998,82.289375,47.83431,0,1,8.72,363.39337,1,14.535735,0.06811156,,61.449345,,0,,0,0.5314577,1,0,0,0,0,0,,0.06811156,61.449345,0,0,0,0,0
44.587444_11.03769,Generic,12/23/2024,2024,358,2024,59,8.12,-0.27000022,78.91727,43.738373,0,0.97,8.12,364.2646,1,14.570583,0.068666615,,61.766148,,0,,0,0.5314577,1,0,0,0,0,0,,0.068666615,61.766148,0,0,0,0,0
44.587444_11.03769,Generic,12/24/2024,2024,359,2024,60,9.85,-1.29,76.933495,35.213097,0,0,9.85,365.35892,1,14.614357,0.06936978,,62.253815,,0,,0,0.5314577,1,0,0,0,0,0,,0.06936978,62.253815,0,0,0,0,0
44.587444_11.03769,Generic,12/25/2024,2024,360,2024,61,8.81,-0.5100002,78.619606,40.861435,0,0,8.81,366.36877,1,14.654751,0.07002455,,62.660122,,0,,0,0.5314577,1,0,0,0,0,0,,0.07002455,62.660122,0,0,0,0,0
44.587444_11.03769,Generic,12/26/2024,2024,361,2024,62,8.05,-0.96000004,77.15184,40.853313,0,0,8.05,367.02798,1,14.681119,0.07045507,,62.90396,,0,,0,0.5314577,1,0,0,0,0,0,,0.07045507,62.90396,0,0,0,0,0
44.587444_11.03769,Generic,12/27/2024,2024,362,2024,63,8.33,-0.010000229,79.67721,44.365097,0,0,8.33,368.04422,1,14.721769,0.07112352,,63.296627,,0,,0,0.5314577,1,0,0,0,0,0,,0.07112352,63.296627,0,0,0,0,0
44.587444_11.03769,Generic,12/28/2024,2024,363,2024,64,11.49,0.46000004,81.30938,37.90391,0,0,11.49,370.51474,1,14.820589,0.07277306,,64.64386,,0,,0,0.5314577,1,0,0,0,0,0,,0.07277306,64.64386,0,0,0,0,0
44.587444_11.03769,Generic,12/29/2024,2024,364,2024,65,13.23,4.0400004,89.893486,48.246117,0,0,13.23,376.00998,1,15.0404,0.07656926,,68.274345,,0,,0,0.5314577,1,0,0,0,0,0,,0.07656926,68.274345,0,0,0,0,0
44.587444_11.03769,Generic,12/30/2024,2024,365,2024,66,13.69,3.21,87.41213,42.941742,0,0,13.689999,381.26712,1,15.250685,0.08037012,,72.04669,,0,,0,0.5314577,1,0,0,0,0,0,,0.08037012,72.04669,0,0,0,0,0
44.587444_11.03769,Generic,12/31/2024,2024,366,2024,67,11.98,1.6999998,84.365036,41.631073,0,0,11.98,384.61847,1,15.384738,0.082882226,,74.21689,,0,,0,0,1,0,0,0,0,0,,0.082882226,74.21689,0,0,0,0,0
