site,variety,Date,year,doy,GrowingSeason,das,Tmax,Tmin,Prec,Rad,gdd,phenoCode,cyclePerc,lightInt,lightIntRef,agb,agbRef,yield,yieldRef,htTimeR,htTimeS,susceptible,latent,sporulating,dead,affected,disSev,disSevRef,lightIntHealthy,agbHealthy,yieldHealthy,lightSteal,senAccel,RUEreduce,assimilateSap
Burmerange,Dekan,10/4/2002,2002,277,2002,1,13.860001,8.201001,1.3111532,9.75,7.333054,1,0.3936001,0.0007052486,,0.031031968,,0,,0.005801787,0.005801787,0,0,0,0,0,0,,0.0007052486,0.031031968,0,0,0,0,0
Burmerange,Dekan,10/5/2002,2002,278,2002,2,11.896,7.952,5.991039,4.44,13.103815,1,0.70334446,0.0007656344,,0.04310496,,0,,0,0.005801787,1,0,0,0,0,0,,0.0007656344,0.04310496,0,0,0,0,0
Burmerange,Dekan,10/6/2002,2002,279,2002,3,11.076,5.4640007,3.9683342,6.93,16.753847,1,0.8992591,0.00080646895,,0.05565934,,0,,0,0.005801787,1,0,0,0,0,0,,0.00080646895,0.05565934,0,0,0,0,0
Burmerange,Dekan,10/7/2002,2002,280,2002,4,10.014,2.0500002,0,10.91,18.153793,1,0.9744009,0.00082270184,,0.06339248,,0,,0,0.005801787,1,0,0,0,0,0,,0.00082270184,0.06339248,0,0,0,0,0
Burmerange,Dekan,10/8/2002,2002,281,2002,5,9.812,4.299,0,8.75,20.477293,1,1.0991143,0.0008503675,,0.07403232,,0,,0,0.005801787,1,0,0,0,0,0,,0.0008503675,0.07403232,0,0,0,0,0
Burmerange,Dekan,10/9/2002,2002,282,2002,6,12.131,2.788,0,12.63,23.216501,1,1.2461407,0.00088417914,,0.09285781,,0,,0,0.005801787,1,0,0,0,0,0,,0.00088417914,0.09285781,0,0,0,0,0
Burmerange,Dekan,10/10/2002,2002,283,2002,7,12.314,4.631,0,11.17,27.108717,1,1.4550545,0.00093454577,,0.117862895,,0,,0,0.005801787,1,0,0,0,0,0,,0.00093454577,0.117862895,0,0,0,0,0
Burmerange,Dekan,10/11/2002,2002,284,2002,8,8.916,4.387,0,7.6099997,29.044508,1,1.5589577,0.00096065307,,0.12657228,,0,,0,0.005801787,1,0,0,0,0,0,,0.00096065307,0.12657228,0,0,0,0,0
Burmerange,Dekan,10/12/2002,2002,285,2002,9,8.595,5.142,0,4.22,31.184954,1,1.6738455,0.0009903702,,0.13207772,,0,,0,0.005801787,1,0,0,0,0,0,,0.0009903702,0.13207772,0,0,0,0,0
Burmerange,Dekan,10/13/2002,2002,286,2002,10,9.514,6.9669995,0,4.07,34.800167,1,1.8678914,0.0010426611,,0.1415194,,0,,0,0.005801787,1,0,0,0,0,0,,0.0010426611,0.1415194,0,0,0,0,0
Burmerange,Dekan,10/14/2002,2002,287,2002,11,10.17,7.59,0,4.32,39.19576,1,2.103824,0.0011099688,,0.15449087,,0,,0.25718406,0.26298586,1,0,0,0,0,0,,0.0011099688,0.15449087,0,0,0,0,0
Burmerange,Dekan,10/15/2002,2002,288,2002,12,14.043,6.4970007,3.1311512,5.69,45.445236,1,2.4392633,0.0012132031,,0.18104103,,0,,0.29541373,0.55839956,1,0,0,0,0,0,,0.0012132031,0.18104103,0,0,0,0,0
Burmerange,Dekan,10/16/2002,2002,289,2002,13,14,8.467,6.00338,4.27,53.073574,1,2.8487124,0.0013522962,,0.20814964,,0,,0,0.55839956,1,0,0,0,0,0,,0.0013522962,0.20814964,0,0,0,0,0
Burmerange,Dekan,10/17/2002,2002,290,2002,14,9.594,5.1240005,10.081426,4.2,55.706856,1,2.9900534,0.0014039194,,0.21770543,,0,,0,0.55839956,1,0,0,0,0,0,,0.0014039194,0.21770543,0,0,0,0,0
Burmerange,Dekan,10/18/2002,2002,291,2002,15,7.204,3.4710002,8.033919,4.3,56.597904,1,3.0378802,0.0014218295,,0.22105813,,0,,0,0.55839956,1,0,0,0,0,0,,0.0014218295,0.22105813,0,0,0,0,0
Burmerange,Dekan,10/19/2002,2002,292,2002,16,6.65,0.8210001,0,6.2,56.734657,1,3.0452204,0.0014245984,,0.22180149,,0,,0,0.55839956,1,0,0,0,0,0,,0.0014245984,0.22180149,0,0,0,0,0
Burmerange,Dekan,10/20/2002,2002,293,2002,17,7.317,-0.1409998,1.0830462,6.22,56.834206,1,3.0505636,0.0014266173,,0.22234513,,0,,0.12533905,0.6837386,1,0,0,0,0,0,,0.0014266173,0.22234513,0,0,0,0,0
Burmerange,Dekan,10/21/2002,2002,294,2002,18,13.135,4.927,8.546948,2.74,61.42145,1,3.2967832,0.0015228195,,0.23412468,,0,,0.3158989,0.9996375,1,0,0,0,0,0,,0.0015228195,0.23412468,0,0,0,0,0
Burmerange,Dekan,10/22/2002,2002,295,2002,19,13.694,10.204,14.070766,5.15,70.10547,1,3.762896,0.0017230272,,0.28154862,,0,,0,0.9996375,1,0,0,0,0,0,,0.0017230272,0.28154862,0,0,0,0,0
Burmerange,Dekan,10/23/2002,2002,296,2002,20,11.194,4.071,11.066619,5.69,73.030785,1,3.9199114,0.0017962225,,0.29994884,,0,,0,0.9996375,1,0,0,0,0,0,,0.0017962225,0.29994884,0,0,0,0,0
Burmerange,Dekan,10/24/2002,2002,297,2002,21,8.374,3.967,3.5969853,6.21,74.54408,1,4.0011377,0.0018352965,,0.3105634,,0,,0.0044209636,1.0040585,1,0,0,0,0,0,,0.0018352965,0.3105634,0,0,0,0,0
Burmerange,Dekan,10/25/2002,2002,298,2002,22,11.898,6.805,17.648834,1.33,79.54665,1,4.2696495,0.0019706066,,0.31863242,,0,,0,1.0040585,1,0,0,0,0,0,,0.0019706066,0.31863242,0,0,0,0,0
Burmerange,Dekan,10/26/2002,2002,299,2002,23,9.93,7.174,7.8686743,4.91,83.53543,1,4.483746,0.002085593,,0.3437703,,0,,0.081568345,1.0856268,1,0,0,0,0,0,,0.002085593,0.3437703,0,0,0,0,0
Burmerange,Dekan,10/27/2002,2002,300,2002,24,12.68,6.5019994,10.318253,4.39,88.85548,1,4.7692986,0.0022494434,,0.3761023,,0,,0,1.0856268,1,0,0,0,0,0,,0.0022494434,0.3761023,0,0,0,0,0
Burmerange,Dekan,10/28/2002,2002,301,2002,25,8.538,2.2329998,0,7.67,89.77839,1,4.8188353,0.0022791473,,0.38603133,,0,,0,1.0856268,1,0,0,0,0,0,,0.0022791473,0.38603133,0,0,0,0,0
Burmerange,Dekan,10/29/2002,2002,302,2002,26,9.166,1.7069998,0,5.59,90.73571,1,4.8702197,0.0023103731,,0.39364037,,0,,0,1.0856268,1,0,0,0,0,0,,0.0023103731,0.39364037,0,0,0,0,0
Burmerange,Dekan,10/30/2002,2002,303,2002,27,11.644,7.836,4.355121,1.75,96.25614,1,5.1665277,0.0024989448,,0.40849787,,0,,0,1.0856268,1,0,0,0,0,0,,0.0024989448,0.40849787,0,0,0,0,0
Burmerange,Dekan,10/31/2002,2002,304,2002,28,11.982,9.184,0,2.75,102.946815,1,5.5256476,0.0027481813,,0.43961686,,0,,0.026554072,1.112181,1,0,0,0,0,0,,0.0027481813,0.43961686,0,0,0,0,0
Burmerange,Dekan,11/1/2002,2002,305,2002,29,12.063999,9.257,4.791796,3.2600002,109.74782,1,5.8906903,0.0030269397,,0.4809189,,0,,0.20412405,1.316305,1,0,0,0,0,0,,0.0030269397,0.4809189,0,0,0,0,0
Burmerange,Dekan,11/2/2002,2002,306,2002,30,13.182001,9.622001,9.730864,4.98,117.62284,1,6.3133807,0.0033851117,,0.56262076,,0,,0.029570473,1.3458755,1,0,0,0,0,0,,0.0033851117,0.56262076,0,0,0,0,0
Burmerange,Dekan,11/3/2002,2002,307,2002,31,12.191,6.6680007,13.49155,4.51,122.728165,1,6.5874076,0.0036395714,,0.61419433,,0,,0,1.3458755,1,0,0,0,0,0,,0.0036395714,0.61419433,0,0,0,0,0
Burmerange,Dekan,11/4/2002,2002,308,2002,32,8.812,6.457,2.2175136,3.29,125.65566,1,6.7445407,0.0037939926,,0.63668317,,0,,0,1.3458755,1,0,0,0,0,0,,0.0037939926,0.63668317,0,0,0,0,0
Burmerange,Dekan,11/5/2002,2002,309,2002,33,8.616,3.929,0,3.9100003,127.25486,1,6.830377,0.003881085,,0.6516183,,0,,0,1.3458755,1,0,0,0,0,0,,0.003881085,0.6516183,0,0,0,0,0
Burmerange,Dekan,11/6/2002,2002,310,2002,34,6.625,4.045,1.962775,3.4,128.14426,1,6.878115,0.0039303806,,0.65893286,,0,,0,1.3458755,1,0,0,0,0,0,,0.0039303806,0.65893286,0,0,0,0,0
Burmerange,Dekan,11/7/2002,2002,311,2002,35,5.469,1.7399999,9.947066,2.79,128.24768,1,6.8836665,0.003936153,,0.65963185,,0,,0,1.3458755,1,0,0,0,0,0,,0.003936153,0.65963185,0,0,0,0,0
Burmerange,Dekan,11/8/2002,2002,312,2002,36,5.735,1.4179997,13.269353,2.7,128.34457,1,6.8888674,0.003941569,,0.66026646,,0,,0,1.3458755,1,0,0,0,0,0,,0.003941569,0.66026646,0,0,0,0,0
Burmerange,Dekan,11/9/2002,2002,313,2002,37,7.919,3.9059997,3.3411837,4.99,129.64981,1,6.9589257,0.004015254,,0.676361,,0,,0,1.3458755,1,0,0,0,0,0,,0.004015254,0.676361,0,0,0,0,0
Burmerange,Dekan,11/10/2002,2002,314,2002,38,9.489,2.3439999,8.826688,1.44,130.95816,1,7.029151,0.0040904894,,0.6811039,,0,,0,1.3458755,1,0,0,0,0,0,,0.0040904894,0.6811039,0,0,0,0,0
Burmerange,Dekan,11/11/2002,2002,315,2002,39,10.768,6.7269998,10.976449,5.21,135.18782,1,7.256177,0.0043434524,,0.7400093,,0,,0,1.3458755,1,0,0,0,0,0,,0.0043434524,0.7400093,0,0,0,0,0
Burmerange,Dekan,11/12/2002,2002,316,2002,40,8.799,5.689,2.7262151,3.4299998,137.70192,1,7.3911204,0.004501133,,0.76389706,,0,,0,1.3458755,1,0,0,0,0,0,,0.004501133,0.76389706,0,0,0,0,0
Burmerange,Dekan,11/13/2002,2002,317,2002,41,8.762,4.9110003,5.7032847,2.7,139.81166,1,7.50436,0.00463784,,0.7801557,,0,,0,1.3458755,1,0,0,0,0,0,,0.00463784,0.7801557,0,0,0,0,0
Burmerange,Dekan,11/14/2002,2002,318,2002,42,8.773,3.8909998,2.6739874,2.41,141.4619,1,7.5929365,0.0047476506,,0.79177606,,0,,0,1.3458755,1,0,0,0,0,0,,0.0047476506,0.79177606,0,0,0,0,0
Burmerange,Dekan,11/15/2002,2002,319,2002,43,7.377,3.6070004,1.3584,1.78,142.4573,1,7.6463647,0.004815131,,0.79702663,,0,,0,1.3458755,1,0,0,0,0,0,,0.004815131,0.79702663,0,0,0,0,0
Burmerange,Dekan,11/16/2002,2002,320,2002,44,8.707,5.918,9.060592,1.05,145.04213,1,7.7851048,0.004994852,,0.8053696,,0,,0,1.3458755,1,0,0,0,0,0,,0.004994852,0.8053696,0,0,0,0,0
Burmerange,Dekan,11/17/2002,2002,321,2002,45,8.302,4.988,4.2599454,2.26,146.97192,1,7.8886857,0.0051333685,,0.819148,,0,,0,1.3458755,1,0,0,0,0,0,,0.0051333685,0.819148,0,0,0,0,0
Burmerange,Dekan,11/18/2002,2002,322,2002,46,8.177,3.2579997,0,2.79,148.12888,1,7.950785,0.0052182367,,0.8295142,,0,,0,1.3458755,1,0,0,0,0,0,,0.0052182367,0.8295142,0,0,0,0,0
Burmerange,Dekan,11/19/2002,2002,323,2002,47,7.113,4.721,0,2.7,149.43762,1,8.021032,0.0053159255,,0.84107465,,0,,0,1.3458755,1,0,0,0,0,0,,0.0053159255,0.84107465,0,0,0,0,0
Burmerange,Dekan,11/20/2002,2002,324,2002,48,7.913,4.077,0,4.41,150.80794,1,8.0945835,0.0054201554,,0.86123264,,0,,0,1.3458755,1,0,0,0,0,0,,0.0054201554,0.86123264,0,0,0,0,0
Burmerange,Dekan,11/21/2002,2002,325,2002,49,8.376,5.696,4.481488,2.69,153.11206,1,8.218256,0.00560002,,0.88259387,,0,,0,1.3458755,1,0,0,0,0,0,,0.00560002,0.88259387,0,0,0,0,0
Burmerange,Dekan,11/22/2002,2002,326,2002,50,7.197,4.819,1.5078366,2.12,154.49275,1,8.292365,0.0057106297,,0.89288104,,0,,0,1.3458755,1,0,0,0,0,0,,0.0057106297,0.89288104,0,0,0,0,0
Burmerange,Dekan,11/23/2002,2002,327,2002,51,8.437,2.4659998,2.4148822,5.16,155.4603,1,8.344297,0.0057894336,,0.91066945,,0,,0,1.3458755,1,0,0,0,0,0,,0.0057894336,0.91066945,0,0,0,0,0
Burmerange,Dekan,11/24/2002,2002,328,2002,52,8.348,4.1590004,0,3.74,157.04333,1,8.429267,0.0059207072,,0.9322427,,0,,0,1.3458755,1,0,0,0,0,0,,0.0059207072,0.9322427,0,0,0,0,0
Burmerange,Dekan,11/25/2002,2002,329,2002,53,8.685,4.384,7.595187,1.79,158.87234,1,8.527438,0.006076065,,0.9444851,,0,,0,1.3458755,1,0,0,0,0,0,,0.006076065,0.9444851,0,0,0,0,0
Burmerange,Dekan,11/26/2002,2002,330,2002,54,7.6850004,3.2550004,0,2.91,159.85258,1,8.580053,0.0061609866,,0.95530075,,0,,0,1.3458755,1,0,0,0,0,0,,0.0061609866,0.95530075,0,0,0,0,0
Burmerange,Dekan,11/27/2002,2002,331,2002,55,8.191,2.6409998,0,3.65,160.796,1,8.630691,0.0062438357,,0.96853286,,0,,0,1.3458755,1,0,0,0,0,0,,0.0062438357,0.96853286,0,0,0,0,0
Burmerange,Dekan,11/28/2002,2002,332,2002,56,7.716,2.513,1.0137419,2.12,161.5457,1,8.670931,0.0063104588,,0.9747053,,0,,0,1.3458755,1,0,0,0,0,0,,0.0063104588,0.9747053,0,0,0,0,0
Burmerange,Dekan,11/29/2002,2002,333,2002,57,6.996,2.2789998,1.3228488,2.38,162.03116,1,8.696987,0.006353975,,0.9792233,,0,,0,1.3458755,1,0,0,0,0,0,,0.006353975,0.9792233,0,0,0,0,0
Burmerange,Dekan,11/30/2002,2002,334,2002,58,5.656,2.7180002,0,1.39,162.31694,1,8.712327,0.006379734,,0.9807829,,0,,0,1.3458755,1,0,0,0,0,0,,0.006379734,0.9807829,0,0,0,0,0
Burmerange,Dekan,12/1/2002,2002,335,2002,59,4.984,3.92,5.722423,1.27,162.71416,1,8.733647,0.006415707,,0.9827748,,0,,0,1.3458755,1,0,0,0,0,0,,0.006415707,0.9827748,0,0,0,0,0
Burmerange,Dekan,12/2/2002,2002,336,2002,60,5.201,3.405,1.8881782,1.28,163.04659,1,8.75149,0.006445965,,0.98446274,,0,,0,1.3458755,1,0,0,0,0,0,,0.006445965,0.98446274,0,0,0,0,0
Burmerange,Dekan,12/3/2002,2002,337,2002,61,5.346,2.547,0,1.92,163.24646,1,8.762218,0.006464228,,0.98598945,,0,,0,1.3458755,1,0,0,0,0,0,,0.006464228,0.98598945,0,0,0,0,0
Burmerange,Dekan,12/4/2002,2002,338,2002,62,4.767,0.40299988,0,1.92,163.24646,1,8.762218,0.006464228,,0.98598945,,0,,0,1.3458755,1,0,0,0,0,0,,0.006464228,0.98598945,0,0,0,0,0
Burmerange,Dekan,12/5/2002,2002,339,2002,63,4.787,2.609,0,2.74,163.37321,1,8.769022,0.006475839,,0.98737353,,0,,0,1.3458755,1,0,0,0,0,0,,0.006475839,0.98737353,0,0,0,0,0
Burmerange,Dekan,12/6/2002,2002,340,2002,64,2.77,-1.044,0,1.51,163.37321,1,8.769022,0.006475839,,0.98737353,,0,,0,1.3458755,1,0,0,0,0,0,,0.006475839,0.98737353,0,0,0,0,0
Burmerange,Dekan,12/7/2002,2002,341,2002,65,1.878,-2.384,0,3.3000002,163.37321,1,8.769022,0.006475839,,0.98737353,,0,,0,1.3458755,1,0,0,0,0,0,,0.006475839,0.98737353,0,0,0,0,0
Burmerange,Dekan,12/8/2002,2002,342,2002,66,0.533,-3.069,0,4.4,163.37321,1,8.769022,0.006475839,,0.98737353,,0,,0,1.3458755,1,0,0,0,0,0,,0.006475839,0.98737353,0,0,0,0,0
Burmerange,Dekan,12/9/2002,2002,343,2002,67,-3.0139997,-6.2439995,0,4.87,163.37321,1,8.769022,0.006475839,,0.98737353,,0,,0,1.3458755,1,0,0,0,0,0,,0.006475839,0.98737353,0,0,0,0,0
Burmerange,Dekan,12/10/2002,2002,344,2002,68,-1.8249998,-6.981,0,4.48,163.37321,1,8.769022,0.006475839,,0.98737353,,0,,0,1.3458755,1,0,0,0,0,0,,0.006475839,0.98737353,0,0,0,0,0
Burmerange,Dekan,12/11/2002,2002,345,2002,69,-2.3760002,-7.852,0,4.68,163.37321,1,8.769022,0.006475839,,0.98737353,,0,,0,1.3458755,1,0,0,0,0,0,,0.006475839,0.98737353,0,0,0,0,0
Burmerange,Dekan,12/12/2002,2002,346,2002,70,1.5219998,-5.837,0,3.7,163.37321,1,8.769022,0.006475839,,0.98737353,,0,,0,1.3458755,1,0,0,0,0,0,,0.006475839,0.98737353,0,0,0,0,0
Burmerange,Dekan,12/13/2002,2002,347,2002,71,2.0430002,-3.413,1.9919574,1.6700001,163.37321,1,8.769022,0.006475839,,0.98737353,,0,,0,1.3458755,1,0,0,0,0,0,,0.006475839,0.98737353,0,0,0,0,0
Burmerange,Dekan,12/14/2002,2002,348,2002,72,2.851,-0.464,0,1.81,163.37321,1,8.769022,0.006475839,,0.98737353,,0,,0,1.3458755,1,0,0,0,0,0,,0.006475839,0.98737353,0,0,0,0,0
Burmerange,Dekan,12/15/2002,2002,349,2002,73,5.101,0.31900024,6.323368,1.5,163.37321,1,8.769022,0.006475839,,0.98737353,,0,,0,1.3458755,1,0,0,0,0,0,,0.006475839,0.98737353,0,0,0,0,0
Burmerange,Dekan,12/16/2002,2002,350,2002,74,4.011,3.1030002,5.253175,0.59,163.46568,1,8.773985,0.0064843176,,0.9875912,,0,,0,1.3458755,1,0,0,0,0,0,,0.0064843176,0.9875912,0,0,0,0,0
Burmerange,Dekan,12/17/2002,2002,351,2002,75,3.038,-1.3179998,0,1.29,163.46568,1,8.773985,0.0064843176,,0.9875912,,0,,0,1.3458755,1,0,0,0,0,0,,0.0064843176,0.9875912,0,0,0,0,0
Burmerange,Dekan,12/18/2002,2002,352,2002,76,-0.46099997,-3.181,0,2.71,163.46568,1,8.773985,0.0064843176,,0.9875912,,0,,0,1.3458755,1,0,0,0,0,0,,0.0064843176,0.9875912,0,0,0,0,0
Burmerange,Dekan,12/19/2002,2002,353,2002,77,0.7049999,-3.126,0,3.8900003,163.46568,1,8.773985,0.0064843176,,0.9875912,,0,,0,1.3458755,1,0,0,0,0,0,,0.0064843176,0.9875912,0,0,0,0,0
Burmerange,Dekan,12/20/2002,2002,354,2002,78,2.896,-4.135,1.0246485,0.8000001,163.46568,1,8.773985,0.0064843176,,0.9875912,,0,,0,1.3458755,1,0,0,0,0,0,,0.0064843176,0.9875912,0,0,0,0,0
Burmerange,Dekan,12/21/2002,2002,355,2002,79,4.76,2.9510002,4.4864554,0.44,163.63692,1,8.783175,0.0065000528,,0.9878926,,0,,0,1.3458755,1,0,0,0,0,0,,0.0065000528,0.9878926,0,0,0,0,0
Burmerange,Dekan,12/22/2002,2002,356,2002,80,9.517,4.625,16.274975,0.28,165.97586,1,8.908718,0.006718819,,0.99060065,,0,,0,1.3458755,1,0,0,0,0,0,,0.006718819,0.99060065,0,0,0,0,0
Burmerange,Dekan,12/23/2002,2002,357,2002,81,6.776,5.828,0,1.93,167.60028,1,8.995909,0.0068750433,,1.0038657,,0,,0,1.3458755,1,0,0,0,0,0,,0.0068750433,1.0038657,0,0,0,0,0
Burmerange,Dekan,12/24/2002,2002,358,2002,82,8.283,6.9800005,1.7017925,1.1,170.5245,1,9.152866,0.007165421,,1.0180506,,0,,0,1.3458755,1,0,0,0,0,0,,0.007165421,1.0180506,0,0,0,0,0
Burmerange,Dekan,12/25/2002,2002,359,2002,83,8.252,6.0290003,1.0956466,1.99,172.93321,1,9.282152,0.0074137263,,1.0399206,,0,,0,1.3458755,1,0,0,0,0,0,,0.0074137263,1.0399206,0,0,0,0,0
Burmerange,Dekan,12/26/2002,2002,360,2002,84,8.598,5.451,10.603448,0.47,175.22595,1,9.405215,0.007658,,1.0449991,,0,,0,1.3458755,1,0,0,0,0,0,,0.007658,1.0449991,0,0,0,0,0
Burmerange,Dekan,12/27/2002,2002,361,2002,85,9.389,7.022,6.5676484,1.46,178.8,1,9.597052,0.008054811,,1.0708662,,0,,0,1.3458755,1,0,0,0,0,0,,0.008054811,1.0708662,0,0,0,0,0
Burmerange,Dekan,12/28/2002,2002,362,2002,86,8.229,4.286,2.5874226,1.19,180.38644,1,9.682203,0.008237422,,1.0804368,,0,,0,1.3458755,1,0,0,0,0,0,,0.008237422,1.0804368,0,0,0,0,0
Burmerange,Dekan,12/29/2002,2002,363,2002,87,9.15,4.039,16.203636,0.38,182.2699,1,9.783297,0.008459555,,1.084163,,0,,0,1.3458755,1,0,0,0,0,0,,0.008459555,1.084163,0,0,0,0,0
Burmerange,Dekan,12/30/2002,2002,364,2002,88,9.222,7.1819997,17.7768,0.3,185.83984,1,9.974914,0.008897013,,1.0900271,,0,,0,1.3458755,1,0,0,0,0,0,,0.008897013,1.0900271,0,0,0,0,0
Burmerange,Dekan,12/31/2002,2002,365,2002,89,7.057,-0.3499999,1.4635503,0.97,185.89218,1,9.977723,0.008903592,,1.0903053,,0,,0,1.3458755,1,0,0,0,0,0,,0.008903592,1.0903053,0,0,0,0,0
Burmerange,Dekan,1/1/2003,2003,1,2002,90,9.003,-0.04699993,11.780697,0.72,186.30127,1,9.9996805,0.008955167,,1.0919286,,0,,0,1.3458755,1,0,0,0,0,0,,0.008955167,1.0919286,0,0,0,0,0
Burmerange,Dekan,1/2/2003,2003,2,2002,91,10.237,4.912,24.281609,0.86,189.16367,1,10.153319,0.009324431,,1.1060549,,0,,0,1.3458755,1,0,0,0,0,0,,0.009324431,1.1060549,0,0,0,0,0
Burmerange,Dekan,1/3/2003,2003,3,2002,92,5.7459993,4.047,3.7208738,1.6700001,189.78604,1,10.186725,0.009406696,,1.1120719,,0,,0,1.3458755,1,0,0,0,0,0,,0.009406696,1.1120719,0,0,0,0,0
Burmerange,Dekan,1/4/2003,2003,4,2002,93,3.7130003,-4.816,5.6276975,0.73,189.78604,1,10.186725,0.009406696,,1.1120719,,0,,0,1.3458755,1,0,0,0,0,0,,0.009406696,1.1120719,0,0,0,0,0
Burmerange,Dekan,1/5/2003,2003,5,2002,94,-3.3020003,-6.19,0,4.12,189.78604,1,10.186725,0.009406696,,1.1120719,,0,,0,1.3458755,1,0,0,0,0,0,,0.009406696,1.1120719,0,0,0,0,0
Burmerange,Dekan,1/6/2003,2003,6,2002,95,-2.9,-6.499,0,4.27,189.78604,1,10.186725,0.009406696,,1.1120719,,0,,0,1.3458755,1,0,0,0,0,0,,0.009406696,1.1120719,0,0,0,0,0
Burmerange,Dekan,1/7/2003,2003,7,2002,96,-5.241,-9.594,0,3.65,189.78604,1,10.186725,0.009406696,,1.1120719,,0,,0,1.3458755,1,0,0,0,0,0,,0.009406696,1.1120719,0,0,0,0,0
Burmerange,Dekan,1/8/2003,2003,8,2002,97,-6.6099997,-11.737,0,5.1,189.78604,1,10.186725,0.009406696,,1.1120719,,0,,0,1.3458755,1,0,0,0,0,0,,0.009406696,1.1120719,0,0,0,0,0
Burmerange,Dekan,1/9/2003,2003,9,2002,98,-5.1540003,-10.447,0,4.97,189.78604,1,10.186725,0.009406696,,1.1120719,,0,,0,1.3458755,1,0,0,0,0,0,,0.009406696,1.1120719,0,0,0,0,0
Burmerange,Dekan,1/10/2003,2003,10,2002,99,-4.4260006,-11.253,0,5,189.78604,1,10.186725,0.009406696,,1.1120719,,0,,0,1.3458755,1,0,0,0,0,0,,0.009406696,1.1120719,0,0,0,0,0
Burmerange,Dekan,1/11/2003,2003,11,2002,100,-2.6599998,-7.715,0,5.18,189.78604,1,10.186725,0.009406696,,1.1120719,,0,,0,1.3458755,1,0,0,0,0,0,,0.009406696,1.1120719,0,0,0,0,0
Burmerange,Dekan,1/12/2003,2003,12,2002,101,-0.5439997,-9.822,0,4.99,189.78604,1,10.186725,0.009406696,,1.1120719,,0,,0,1.3458755,1,0,0,0,0,0,,0.009406696,1.1120719,0,0,0,0,0
Burmerange,Dekan,1/13/2003,2003,13,2002,102,3.2930002,-5.375,2.0572162,0.68,189.78604,1,10.186725,0.009406696,,1.1120719,,0,,0,1.3458755,1,0,0,0,0,0,,0.009406696,1.1120719,0,0,0,0,0
Burmerange,Dekan,1/14/2003,2003,14,2002,103,2.955,0.62699986,0,0.86,189.78604,1,10.186725,0.009406696,,1.1120719,,0,,0,1.3458755,1,0,0,0,0,0,,0.009406696,1.1120719,0,0,0,0,0
Burmerange,Dekan,1/15/2003,2003,15,2002,104,2.021,-0.934,2.451831,3.33,189.78604,1,10.186725,0.009406696,,1.1120719,,0,,0,1.3458755,1,0,0,0,0,0,,0.009406696,1.1120719,0,0,0,0,0
Burmerange,Dekan,1/16/2003,2003,16,2002,105,2.526,0.68499994,0,2.37,189.78604,1,10.186725,0.009406696,,1.1120719,,0,,0,1.3458755,1,0,0,0,0,0,,0.009406696,1.1120719,0,0,0,0,0
Burmerange,Dekan,1/17/2003,2003,17,2002,106,0.83400005,-2.256,0,3.67,189.78604,1,10.186725,0.009406696,,1.1120719,,0,,0,1.3458755,1,0,0,0,0,0,,0.009406696,1.1120719,0,0,0,0,0
Burmerange,Dekan,1/18/2003,2003,18,2002,107,2.396,-0.50799996,0,2.59,189.78604,1,10.186725,0.009406696,,1.1120719,,0,,0,1.3458755,1,0,0,0,0,0,,0.009406696,1.1120719,0,0,0,0,0
Burmerange,Dekan,1/19/2003,2003,19,2002,108,4.506,-0.88600004,2.4158604,1.92,189.78604,1,10.186725,0.009406696,,1.1120719,,0,,0,1.3458755,1,0,0,0,0,0,,0.009406696,1.1120719,0,0,0,0,0
Burmerange,Dekan,1/20/2003,2003,20,2002,109,4.263,3.323,6.153601,1.47,189.93884,1,10.194926,0.009427005,,1.1133751,,0,,0,1.3458755,1,0,0,0,0,0,,0.009427005,1.1133751,0,0,0,0,0
Burmerange,Dekan,1/21/2003,2003,21,2002,110,5.681,3.209,3.8468122,2.38,190.3329,1,10.216078,0.009479572,,1.1188465,,0,,0,1.3458755,1,0,0,0,0,0,,0.009479572,1.1188465,0,0,0,0,0
Burmerange,Dekan,1/22/2003,2003,22,2002,111,4.749,1.7410002,5.235666,1.39,190.36844,1,10.217985,0.009484328,,1.1191348,,0,,0,1.3458755,1,0,0,0,0,0,,0.009484328,1.1191348,0,0,0,0,0
Burmerange,Dekan,1/23/2003,2003,23,2002,112,4.018,0.46000004,1.8678367,1.6200001,190.36844,1,10.217985,0.009484328,,1.1191348,,0,,0,1.3458755,1,0,0,0,0,0,,0.009484328,1.1191348,0,0,0,0,0
Burmerange,Dekan,1/24/2003,2003,24,2002,113,1.1299999,-3.088,0,4.62,190.36844,1,10.217985,0.009484328,,1.1191348,,0,,0,1.3458755,1,0,0,0,0,0,,0.009484328,1.1191348,0,0,0,0,0
Burmerange,Dekan,1/25/2003,2003,25,2002,114,2.6870003,-4.847,0,6.18,190.36844,1,10.217985,0.009484328,,1.1191348,,0,,0,1.3458755,1,0,0,0,0,0,,0.009484328,1.1191348,0,0,0,0,0
Burmerange,Dekan,1/26/2003,2003,26,2002,115,2.115,0.829,3.3022346,1.28,190.36844,1,10.217985,0.009484328,,1.1191348,,0,,0,1.3458755,1,0,0,0,0,0,,0.009484328,1.1191348,0,0,0,0,0
Burmerange,Dekan,1/27/2003,2003,27,2002,116,7.934,2.335,1.0812464,1.48,191.13036,1,10.258881,0.009586851,,1.1257879,,0,,0,1.3458755,1,0,0,0,0,0,,0.009586851,1.1257879,0,0,0,0,0
Burmerange,Dekan,1/28/2003,2003,28,2002,117,5.935,0.048999786,9.0000515,5.23,191.13925,1,10.259357,0.009588052,,1.1260622,,0,,0,1.3458755,1,0,0,0,0,0,,0.009588052,1.1260622,0,0,0,0,0
Burmerange,Dekan,1/29/2003,2003,29,2002,118,0.6259999,-1.75,5.720183,3.83,191.13925,1,10.259357,0.009588052,,1.1260622,,0,,0,1.3458755,1,0,0,0,0,0,,0.009588052,1.1260622,0,0,0,0,0
Burmerange,Dekan,1/30/2003,2003,30,2002,119,-1.5900002,-5.278,1.7392218,4.59,191.13925,1,10.259357,0.009588052,,1.1260622,,0,,0,1.3458755,1,0,0,0,0,0,,0.009588052,1.1260622,0,0,0,0,0
Burmerange,Dekan,1/31/2003,2003,31,2002,120,-6.1920004,-13.599,0,7.2300005,191.13925,1,10.259357,0.009588052,,1.1260622,,0,,0,1.3458755,1,0,0,0,0,0,,0.009588052,1.1260622,0,0,0,0,0
Burmerange,Dekan,2/1/2003,2003,32,2002,121,-3.9099998,-14.719,3.0506823,5.48,191.13925,1,10.259357,0.009588052,,1.1260622,,0,,0,1.3458755,1,0,0,0,0,0,,0.009588052,1.1260622,0,0,0,0,0
Burmerange,Dekan,2/2/2003,2003,33,2002,122,1.016,-3.503,5.97765,3.83,191.13925,1,10.259357,0.009588052,,1.1260622,,0,,0,1.3458755,1,0,0,0,0,0,,0.009588052,1.1260622,0,0,0,0,0
Burmerange,Dekan,2/3/2003,2003,34,2002,123,1.287,-3.529,7.7396927,3.62,191.13925,1,10.259357,0.009588052,,1.1260622,,0,,0,1.3458755,1,0,0,0,0,0,,0.009588052,1.1260622,0,0,0,0,0
Burmerange,Dekan,2/4/2003,2003,35,2002,124,-1.2680001,-6.926,2.2307515,6.41,191.13925,1,10.259357,0.009588052,,1.1260622,,0,,0,1.3458755,1,0,0,0,0,0,,0.009588052,1.1260622,0,0,0,0,0
Burmerange,Dekan,2/5/2003,2003,36,2002,125,-0.6589999,-2.266,1.6700029,6.59,191.13925,1,10.259357,0.009588052,,1.1260622,,0,,0,1.3458755,1,0,0,0,0,0,,0.009588052,1.1260622,0,0,0,0,0
Burmerange,Dekan,2/6/2003,2003,37,2002,126,-1.3109999,-5.376,0,7.8499994,191.13925,1,10.259357,0.009588052,,1.1260622,,0,,0,1.3458755,1,0,0,0,0,0,,0.009588052,1.1260622,0,0,0,0,0
Burmerange,Dekan,2/7/2003,2003,38,2002,127,0.023000002,-2.625,2.704774,2.61,191.13925,1,10.259357,0.009588052,,1.1260622,,0,,0,1.3458755,1,0,0,0,0,0,,0.009588052,1.1260622,0,0,0,0,0
Burmerange,Dekan,2/8/2003,2003,39,2002,128,1.453,0.01699996,0,3.2400002,191.13925,1,10.259357,0.009588052,,1.1260622,,0,,0,1.3458755,1,0,0,0,0,0,,0.009588052,1.1260622,0,0,0,0,0
Burmerange,Dekan,2/9/2003,2003,40,2002,129,1.763,-2.119,0,2.99,191.13925,1,10.259357,0.009588052,,1.1260622,,0,,0,1.3458755,1,0,0,0,0,0,,0.009588052,1.1260622,0,0,0,0,0
Burmerange,Dekan,2/10/2003,2003,41,2002,130,-0.75599957,-9.711,0,7.7800007,191.13925,1,10.259357,0.009588052,,1.1260622,,0,,0,1.3458755,1,0,0,0,0,0,,0.009588052,1.1260622,0,0,0,0,0
Burmerange,Dekan,2/11/2003,2003,42,2002,131,-0.109000206,-11.877,0,7.56,191.13925,1,10.259357,0.009588052,,1.1260622,,0,,0,1.3458755,1,0,0,0,0,0,,0.009588052,1.1260622,0,0,0,0,0
Burmerange,Dekan,2/12/2003,2003,43,2002,132,-1.2630005,-12.843,0,9.54,191.13925,1,10.259357,0.009588052,,1.1260622,,0,,0,1.3458755,1,0,0,0,0,0,,0.009588052,1.1260622,0,0,0,0,0
Burmerange,Dekan,2/13/2003,2003,44,2002,133,-1.4700003,-9.527,0,9.9,191.13925,1,10.259357,0.009588052,,1.1260622,,0,,0,1.3458755,1,0,0,0,0,0,,0.009588052,1.1260622,0,0,0,0,0
Burmerange,Dekan,2/14/2003,2003,45,2002,134,-0.9069996,-9.318,0,10.08,191.13925,1,10.259357,0.009588052,,1.1260622,,0,,0,1.3458755,1,0,0,0,0,0,,0.009588052,1.1260622,0,0,0,0,0
Burmerange,Dekan,2/15/2003,2003,46,2002,135,-1.0699997,-11.093,0,10.18,191.13925,1,10.259357,0.009588052,,1.1260622,,0,,0,1.3458755,1,0,0,0,0,0,,0.009588052,1.1260622,0,0,0,0,0
Burmerange,Dekan,2/16/2003,2003,47,2002,136,-3.1200001,-7.598,0,8.27,191.13925,1,10.259357,0.009588052,,1.1260622,,0,,0,1.3458755,1,0,0,0,0,0,,0.009588052,1.1260622,0,0,0,0,0
Burmerange,Dekan,2/17/2003,2003,48,2002,137,-2.5170002,-9.02,0,10.68,191.13925,1,10.259357,0.009588052,,1.1260622,,0,,0,1.3458755,1,0,0,0,0,0,,0.009588052,1.1260622,0,0,0,0,0
Burmerange,Dekan,2/18/2003,2003,49,2002,138,-0.5089998,-9.334,0,10.88,191.13925,1,10.259357,0.009588052,,1.1260622,,0,,0,1.3458755,1,0,0,0,0,0,,0.009588052,1.1260622,0,0,0,0,0
Burmerange,Dekan,2/19/2003,2003,50,2002,139,1.086,-6.97,0,11.01,191.13925,1,10.259357,0.009588052,,1.1260622,,0,,0,1.3458755,1,0,0,0,0,0,,0.009588052,1.1260622,0,0,0,0,0
Burmerange,Dekan,2/20/2003,2003,51,2002,140,2.2750003,-5.988,0,11.05,191.13925,1,10.259357,0.009588052,,1.1260622,,0,,0,1.3458755,1,0,0,0,0,0,,0.009588052,1.1260622,0,0,0,0,0
Burmerange,Dekan,2/21/2003,2003,52,2002,141,4.4140005,-8.626,0,11.07,191.13925,1,10.259357,0.009588052,,1.1260622,,0,,0,1.3458755,1,0,0,0,0,0,,0.009588052,1.1260622,0,0,0,0,0
Burmerange,Dekan,2/22/2003,2003,53,2002,142,4.9539995,-5.5679994,0,11.48,191.13925,1,10.259357,0.009588052,,1.1260622,,0,,0,1.3458755,1,0,0,0,0,0,,0.009588052,1.1260622,0,0,0,0,0
Burmerange,Dekan,2/23/2003,2003,54,2002,143,6.813,-3.188,0,11.33,191.13925,1,10.259357,0.009588052,,1.1260622,,0,,0,1.3458755,1,0,0,0,0,0,,0.009588052,1.1260622,0,0,0,0,0
Burmerange,Dekan,2/24/2003,2003,55,2002,144,8.215,-3.177,0,11.67,191.13925,1,10.259357,0.009588052,,1.1260622,,0,,0,1.3458755,1,0,0,0,0,0,,0.009588052,1.1260622,0,0,0,0,0
Burmerange,Dekan,2/25/2003,2003,56,2002,145,7.372,-3.1489997,0,12.02,191.13925,1,10.259357,0.009588052,,1.1260622,,0,,0,1.3458755,1,0,0,0,0,0,,0.009588052,1.1260622,0,0,0,0,0
Burmerange,Dekan,2/26/2003,2003,57,2002,146,8.474,-2.4159997,0,7.8499994,191.15092,1,10.259984,0.009589632,,1.1266032,,0,,0,1.3458755,1,0,0,0,0,0,,0.009589632,1.1266032,0,0,0,0,0
Burmerange,Dekan,2/27/2003,2003,58,2002,147,11.238,0.48900032,0,10.74,192.41815,1,10.328002,0.00976263,,1.2083753,,0,,0,1.3458755,1,0,0,0,0,0,,0.00976263,1.2083753,0,0,0,0,0
Burmerange,Dekan,2/28/2003,2003,59,2002,148,9.336,-1.0410004,0,8.36,192.68881,1,10.34253,0.009799975,,1.2220224,,0,,0,1.3458755,1,0,0,0,0,0,,0.009799975,1.2220224,0,0,0,0,0
Burmerange,Dekan,3/1/2003,2003,60,2002,149,8.187,4.898,10.089906,3.68,194.52504,1,10.44109,0.010057115,,1.2638464,,0,,0,1.3458755,1,0,0,0,0,0,,0.010057115,1.2638464,0,0,0,0,0
Burmerange,Dekan,3/2/2003,2003,61,2002,150,6.7539997,2.2359998,9.401575,4.24,194.94197,1,10.463468,0.010116425,,1.2748526,,0,,0,1.3458755,1,0,0,0,0,0,,0.010116425,1.2748526,0,0,0,0,0
Burmerange,Dekan,3/3/2003,2003,62,2002,151,6.207,0.11199999,2.070995,6.7200003,194.96652,1,10.464786,0.010119931,,1.2758803,,0,,0,1.3458755,1,0,0,0,0,0,,0.010119931,1.2758803,0,0,0,0,0
Burmerange,Dekan,3/4/2003,2003,63,2002,152,7.128,-1.8589997,0,8.11,194.96652,1,10.464786,0.010119931,,1.2758803,,0,,0,1.3458755,1,0,0,0,0,0,,0.010119931,1.2758803,0,0,0,0,0
Burmerange,Dekan,3/5/2003,2003,64,2002,153,9.904,5.049,0,6.88,197.72382,1,10.6127825,0.010521116,,1.3987118,,0,,0,1.3458755,1,0,0,0,0,0,,0.010521116,1.3987118,0,0,0,0,0
Burmerange,Dekan,3/6/2003,2003,65,2002,154,6.241,0.21799994,6.393466,3.76,197.7572,1,10.614574,0.010526067,,1.3995252,,0,,0,1.3458755,1,0,0,0,0,0,,0.010526067,1.3995252,0,0,0,0,0
Burmerange,Dekan,3/7/2003,2003,66,2002,155,6.459,-3.44,0,8.71,197.7572,1,10.614574,0.010526067,,1.3995252,,0,,0,1.3458755,1,0,0,0,0,0,,0.010526067,1.3995252,0,0,0,0,0
Burmerange,Dekan,3/8/2003,2003,67,2002,156,7.824,2.2199998,0,7.6,198.45154,1,10.651843,0.010629599,,1.4340458,,0,,0,1.3458755,1,0,0,0,0,0,,0.010629599,1.4340458,0,0,0,0,0
Burmerange,Dekan,3/9/2003,2003,68,2002,157,11.135,3.5290003,0,12.57,201.05664,1,10.791672,0.011027087,,1.6562737,,0,,0,1.3458755,1,0,0,0,0,0,,0.011027087,1.6562737,0,0,0,0,0
Burmerange,Dekan,3/10/2003,2003,69,2002,158,11.93,1.9069996,0,9.71,203.24544,1,10.909155,0.011372394,,1.8050225,,0,,0,1.3458755,1,0,0,0,0,0,,0.011372394,1.8050225,0,0,0,0,0
Burmerange,Dekan,3/11/2003,2003,70,2002,159,10.82,6.764,4.8627706,4.74,207.53058,1,11.139159,0.012079661,,1.9560223,,0,,0,1.3458755,1,0,0,0,0,0,,0.012079661,1.9560223,0,0,0,0,0
Burmerange,Dekan,3/12/2003,2003,71,2002,160,8.025,3.2229998,4.802329,8.15,208.61923,1,11.197593,0.012266156,,2.0230007,,0,,0,1.3458755,1,0,0,0,0,0,,0.012266156,2.0230007,0,0,0,0,0
Burmerange,Dekan,3/13/2003,2003,72,2002,161,6.73,0.9590001,0,13.91,208.78716,1,11.206605,0.01229518,,2.040675,,0,,0,1.3458755,1,0,0,0,0,0,,0.01229518,2.040675,0,0,0,0,0
Burmerange,Dekan,3/14/2003,2003,73,2002,162,6.722,-2.4560003,0,15.51,208.78716,1,11.206605,0.01229518,,2.040675,,0,,0,1.3458755,1,0,0,0,0,0,,0.01229518,2.040675,0,0,0,0,0
Burmerange,Dekan,3/15/2003,2003,74,2002,163,6.529,-2.303,0,15.779999,208.78716,1,11.206605,0.01229518,,2.040675,,0,,0,1.3458755,1,0,0,0,0,0,,0.01229518,2.040675,0,0,0,0,0
Burmerange,Dekan,3/16/2003,2003,75,2002,164,9.083,-1.75,0,15.960001,208.90579,1,11.212974,0.012315719,,2.0550258,,0,,0,1.3458755,1,0,0,0,0,0,,0.012315719,2.0550258,0,0,0,0,0
Burmerange,Dekan,3/17/2003,2003,76,2002,165,10.558,-2.3030005,0,15.560001,209.16896,1,11.227098,0.0123614045,,2.086177,,0,,0,1.3458755,1,0,0,0,0,0,,0.0123614045,2.086177,0,0,0,0,0
Burmerange,Dekan,3/18/2003,2003,77,2002,166,9.071,-1.8459997,0,16.27,209.27429,1,11.232753,0.012379744,,2.0992336,,0,,0,1.3458755,1,0,0,0,0,0,,0.012379744,2.0992336,0,0,0,0,0
Burmerange,Dekan,3/19/2003,2003,78,2002,167,11.053,-2.0559998,0,16.48,209.69286,1,11.2552185,0.012452867,,2.1520977,,0,,0,1.3458755,1,0,0,0,0,0,,0.012452867,2.1520977,0,0,0,0,0
Burmerange,Dekan,3/20/2003,2003,79,2002,168,9.881,-3.6029997,0,16.49,209.71507,1,11.256411,0.012456762,,2.1549067,,0,,0,1.3458755,1,0,0,0,0,0,,0.012456762,2.1549067,0,0,0,0,0
Burmerange,Dekan,3/21/2003,2003,80,2002,169,8.445,-2.3389997,0,16.25,209.72876,1,11.257146,0.012459154,,2.156613,,0,,0,1.3458755,1,0,0,0,0,0,,0.012459154,2.156613,0,0,0,0,0
Burmerange,Dekan,3/22/2003,2003,81,2002,170,9.099,-1.6700001,0,17.81,209.85986,1,11.264183,0.012482156,,2.17455,,0,,0,1.3458755,1,0,0,0,0,0,,0.012482156,2.17455,0,0,0,0,0
Burmerange,Dekan,3/23/2003,2003,82,2002,171,12.035,-2.4709997,0,17.87,210.41975,1,11.294234,0.01258086,,2.2520175,,0,,0,1.3458755,1,0,0,0,0,0,,0.01258086,2.2520175,0,0,0,0,0
Burmerange,Dekan,3/24/2003,2003,83,2002,172,15.705,3.1809998,0,17.59,215.54292,1,11.56922,0.013520588,,3.001873,,0,,0.42086852,1.766744,1,0,0,0,0,0,,0.013520588,3.001873,0,0,0,0,0
Burmerange,Dekan,3/25/2003,2003,84,2002,173,15.727,5.0689993,4.507279,13.68,221.97194,1,11.914296,0.014798271,,3.802849,,0,,0.23131,1.998054,1,0,0,0,0,0,,0.014798271,3.802849,0,0,0,0,0
Burmerange,Dekan,3/26/2003,2003,85,2002,174,14.297,2.4679995,6.1688933,13.76,225.75584,1,12.117396,0.015605132,,4.3028874,,0,,0,1.998054,1,0,0,0,0,0,,0.015605132,4.3028874,0,0,0,0,0
Burmerange,Dekan,3/27/2003,2003,86,2002,175,14.973,3.295,0,15.560001,230.47533,1,12.370713,0.016672371,,5.0563793,,0,,0,1.998054,1,0,0,0,0,0,,0.016672371,5.0563793,0,0,0,0,0
Burmerange,Dekan,3/28/2003,2003,87,2002,176,15.259,4.0560007,0,15.66,235.88454,1,12.661052,0.017983986,,5.9939194,,0,,0.4386214,2.4366755,1,0,0,0,0,0,,0.017983986,5.9939194,0,0,0,0,0
Burmerange,Dekan,3/29/2003,2003,88,2002,177,15.532,6.3700004,3.0530791,12.57,243.10257,1,13.048477,0.019893037,,7.1047115,,0,,0.30139577,2.7380714,1,0,0,0,0,0,,0.019893037,7.1047115,0,0,0,0,0
Burmerange,Dekan,3/30/2003,2003,89,2002,178,14.722,4.2940006,2.1282582,14.17,248.31194,1,13.328089,0.021392824,,8.076564,,0,,0,2.7380714,1,0,0,0,0,0,,0.021392824,8.076564,0,0,0,0,0
Burmerange,Dekan,3/31/2003,2003,90,2002,179,9.309,1.8599999,0,17.88,249.3723,1,13.385004,0.021711387,,8.329895,,0,,0.055137336,2.7932088,1,0,0,0,0,0,,0.021711387,8.329895,0,0,0,0,0
Burmerange,Dekan,4/1/2003,2003,91,2002,180,12.68,-0.038999557,6.0214643,16.68,251.01262,1,13.473047,0.022213338,,8.703934,,0,,0,2.7932088,1,0,0,0,0,0,,0.022213338,8.703934,0,0,0,0,0
Burmerange,Dekan,4/2/2003,2003,92,2002,181,5.245,0.5700002,6.6467314,10.01,251.01656,1,13.473259,0.022214545,,8.704473,,0,,0,2.7932088,1,0,0,0,0,0,,0.022214545,8.704473,0,0,0,0,0
Burmerange,Dekan,4/3/2003,2003,93,2002,182,4.998,-0.5279999,3.1753273,16.03,251.01656,1,13.473259,0.022214545,,8.704473,,0,,0,2.7932088,1,0,0,0,0,0,,0.022214545,8.704473,0,0,0,0,0
Burmerange,Dekan,4/4/2003,2003,94,2002,183,8.152,-2.7320004,0,18.75,251.01656,1,13.473259,0.022214545,,8.704473,,0,,0,2.7932088,1,0,0,0,0,0,,0.022214545,8.704473,0,0,0,0,0
Burmerange,Dekan,4/5/2003,2003,95,2002,184,8.946,2.0419998,0,15.889999,252.01335,1,13.526762,0.02252512,,8.924044,,0,,0,2.7932088,1,0,0,0,0,0,,0.02252512,8.924044,0,0,0,0,0
Burmerange,Dekan,4/6/2003,2003,96,2002,185,3.712,-1.4460001,0,9.62,252.01335,1,13.526762,0.02252512,,8.924044,,0,,0,2.7932088,1,0,0,0,0,0,,0.02252512,8.924044,0,0,0,0,0
Burmerange,Dekan,4/7/2003,2003,97,2002,186,2.2320004,-4.545,0,18.39,252.01335,1,13.526762,0.02252512,,8.924044,,0,,0,2.7932088,1,0,0,0,0,0,,0.02252512,8.924044,0,0,0,0,0
Burmerange,Dekan,4/8/2003,2003,98,2002,187,3.1870003,-5.759,0,18.32,252.01335,1,13.526762,0.02252512,,8.924044,,0,,0,2.7932088,1,0,0,0,0,0,,0.02252512,8.924044,0,0,0,0,0
Burmerange,Dekan,4/9/2003,2003,99,2002,188,3.23,-4.627,0,17.73,252.01335,1,13.526762,0.02252512,,8.924044,,0,,0,2.7932088,1,0,0,0,0,0,,0.02252512,8.924044,0,0,0,0,0
Burmerange,Dekan,4/10/2003,2003,100,2002,189,1.894,-5.575,1.6823349,12.76,252.01335,1,13.526762,0.02252512,,8.924044,,0,,0,2.7932088,1,0,0,0,0,0,,0.02252512,8.924044,0,0,0,0,0
Burmerange,Dekan,4/11/2003,2003,101,2002,190,5.6520004,-4.549,0,19.14,252.01335,1,13.526762,0.02252512,,8.924044,,0,,0,2.7932088,1,0,0,0,0,0,,0.02252512,8.924044,0,0,0,0,0
Burmerange,Dekan,4/12/2003,2003,102,2002,191,8.363,-2.6820002,0,14.469999,252.01479,1,13.526839,0.022525562,,8.924331,,0,,0,2.7932088,1,0,0,0,0,0,,0.022525562,8.924331,0,0,0,0,0
Burmerange,Dekan,4/13/2003,2003,103,2002,192,13.99,-0.7550001,0,22.23,253.91928,1,13.629063,0.023130791,,9.527013,,0,,0,2.7932088,1,0,0,0,0,0,,0.023130791,9.527013,0,0,0,0,0
Burmerange,Dekan,4/14/2003,2003,104,2002,193,15.99,5,0,22.67,260.4852,1,13.981487,0.025341472,,11.848442,,0,,0,2.7932088,1,0,0,0,0,0,,0.025341472,11.848442,0,0,0,0,0
Burmerange,Dekan,4/15/2003,2003,105,2002,194,18.48,5.9109993,0,23.25,269.53696,1,14.467338,0.028729344,,15.569433,,0,,0,2.7932088,1,0,0,0,0,0,,0.028729344,15.569433,0,0,0,0,0
Burmerange,Dekan,4/16/2003,2003,106,2002,195,18.277,7.7910004,0,23.23,279.84702,1,15.020728,0.033124365,,20.451855,,0,,0,2.7932088,1,0,0,0,0,0,,0.033124365,20.451855,0,0,0,0,0
Burmerange,Dekan,4/17/2003,2003,107,2002,196,17.05,7.017,0,23.45,288.65692,1,15.493597,0.037388466,,25.205524,,0,,0,2.7932088,1,0,0,0,0,0,,0.037388466,25.205524,0,0,0,0,0
Burmerange,Dekan,4/18/2003,2003,108,2002,197,14.426,4.5110006,0,23.54,293.81384,1,15.770393,0.04012444,,28.2032,,0,,0,2.7932088,1,0,0,0,0,0,,0.04012444,28.2032,0,0,0,0,0
Burmerange,Dekan,4/19/2003,2003,109,2002,198,8.432,1.6169999,0,14.75,294.50964,1,15.807742,0.04050798,,28.459059,,0,,0,2.7932088,1,0,0,0,0,0,,0.04050798,28.459059,0,0,0,0,0
Burmerange,Dekan,4/20/2003,2003,110,2002,199,15.157,1.3050003,0,14.869999,298.11368,1,16.001186,0.042551402,,29.862488,,0,,0,2.7932088,1,0,0,0,0,0,,0.042551402,29.862488,0,0,0,0,0
Burmerange,Dekan,4/21/2003,2003,111,2002,200,18,5.6900005,0,22.04,306.64307,1,16.459,0.04778666,,35.391068,,0,,0,2.7932088,1,0,0,0,0,0,,0.04778666,35.391068,0,0,0,0,0
Burmerange,Dekan,4/22/2003,2003,112,2002,201,14.182,6.8060007,0,16.01,313.20755,1,16.811348,0.052226786,,38.769096,,0,,0,2.7932088,1,0,0,0,0,0,,0.052226786,38.769096,0,0,0,0,0
Burmerange,Dekan,4/23/2003,2003,113,2002,202,15.529,5.3830004,0,19.82,319.71832,1,17.160812,0.0570136,,43.29696,,0,,0,2.7932088,1,0,0,0,0,0,,0.0570136,43.29696,0,0,0,0,0
Burmerange,Dekan,4/24/2003,2003,114,2002,203,18.359,4.2689996,0,18.35,327.46436,1,17.576578,0.063245,,48.829422,,0,,0,2.7932088,1,0,0,0,0,0,,0.063245,48.829422,0,0,0,0,0
Burmerange,Dekan,4/25/2003,2003,115,2002,204,20.082,6.7940006,0,16.99,338.3811,1,18.162533,0.07310951,,57.174656,,0,,0.20015512,2.9933639,1,0,0,0,0,0,,0.07310951,57.174656,0,0,0,0,0
Burmerange,Dekan,4/26/2003,2003,116,2002,205,13.241999,9.211,19.519228,3.35,345.9992,1,18.571432,0.080813624,,58.443928,,0,,0.14205956,3.1354234,1,0,0,0,0,0,,0.080813624,58.443928,0,0,0,0,0
Burmerange,Dekan,4/27/2003,2003,117,2002,206,13.048,7.6940002,8.630901,14.15,352.39026,1,18.91447,0.08784057,,63.332714,,0,,0.8455326,3.980956,1,0,0,0,0,0,,0.08784057,63.332714,0,0,0,0,0
Burmerange,Dekan,4/28/2003,2003,118,2002,207,19.066,7.5179996,1.7907035,17.98,363.08792,1,19.488665,0.10084383,,75.270004,,0,,0.48491746,4.4658737,1,0,0,0,0,0,,0.10084383,75.270004,0,0,0,0,0
Burmerange,Dekan,4/29/2003,2003,119,2002,208,15.193001,8.966001,9.776294,17.4,371.96643,1,19.965218,0.11290621,,86.00457,,0,,0.21061696,4.676491,1,0,0,0,0,0,,0.11290621,86.00457,0,0,0,0,0
Burmerange,Dekan,4/30/2003,2003,120,2002,209,13.601,7.1660004,19.436836,7.66,378.37506,1,20.3092,0.12237913,,89.70181,,0,,0.106868565,4.7833595,1,0,0,0,0,0,,0.12237913,89.70181,0,0,0,0,0
Burmerange,Dekan,5/1/2003,2003,121,2002,210,12.862,6.505,1.5835822,18.51,383.81924,1,20.601414,0.13095644,,97.82347,,0,,0.5203099,5.3036695,1,0,0,0,0,0,,0.13095644,97.82347,0,0,0,0,0
Burmerange,Dekan,5/2/2003,2003,122,2002,211,16.422,5.59,3.3376873,17.8,391.11682,1,20.99311,0.14324921,,109.27512,,0,,0,5.3036695,1,0,0,0,0,0,,0.14324921,109.27512,0,0,0,0,0
Burmerange,Dekan,5/3/2003,2003,123,2002,212,11.669,5.704,0,15.17,395.2708,1,21.216076,0.15066689,,115.118256,,0,,0,5.3036695,1,0,0,0,0,0,,0.15066689,115.118256,0,0,0,0,0
Burmerange,Dekan,5/4/2003,2003,124,2002,213,20.009,4.4530005,0,26.52,404.37564,1,21.704775,0.16802838,,140.08751,,0,,1,6.3036695,1,0,0,0,0,0,,0.16802838,140.08751,0,0,0,0,0
Burmerange,Dekan,5/5/2003,2003,125,2002,214,20.285,11.583,3.1420617,20.21,418.91367,1,22.4851,0.19900177,,176.07127,,0,,0.12605916,6.4297285,1,0,0,0,0,0,,0.19900177,176.07127,0,0,0,0,0
Burmerange,Dekan,5/6/2003,2003,126,2002,215,12.754999,9.225,4.5250235,10.22,426.18808,1,22.875553,0.21603774,,185.95581,,0,,0,6.4297285,1,0,0,0,0,0,,0.21603774,185.95581,0,0,0,0,0
Burmerange,Dekan,5/7/2003,2003,127,2002,216,17.362,7.1580005,0,25.73,435.3363,1,23.366583,0.23892634,,220.56708,,0,,1,7.4297285,1,0,0,0,0,0,,0.23892634,220.56708,0,0,0,0,0
Burmerange,Dekan,5/8/2003,2003,128,2002,217,20.285,8.613,2.22978,22.37,447.75668,1,24.033243,0.27256966,,267.17456,,0,,0.52723104,7.9569597,1,0,0,0,0,0,,0.27256966,267.17456,0,0,0,0,0
Burmerange,Dekan,5/9/2003,2003,129,2002,218,15.2439995,9.743,10.059052,12.77,457.25473,1,24.543049,0.30020806,,289.58374,,0,,0,7.9569597,1,0,0,0,0,0,,0.30020806,289.58374,0,0,0,0,0
Burmerange,Dekan,5/10/2003,2003,130,2002,219,13.994,6.2650003,0,22.25,463.30862,1,24.86799,0.31863356,,315.99768,,0,,0,7.9569597,1,0,0,0,0,0,,0.31863356,315.99768,0,0,0,0,0
Burmerange,Dekan,5/11/2003,2003,131,2002,220,16.437,4.5,0,23.16,469.83707,1,25.218403,0.3391579,,347.55698,,0,,0,7.9569597,1,0,0,0,0,0,,0.3391579,347.55698,0,0,0,0,0
Burmerange,Dekan,5/12/2003,2003,132,2002,221,13.799,8.329,0,17.53,477.2187,1,25.61461,0.36311153,,376.47388,,0,,0,7.9569597,1,0,0,0,0,0,,0.36311153,376.47388,0,0,0,0,0
Burmerange,Dekan,5/13/2003,2003,133,2002,222,10.318,4.18,4.4880033,21.38,479.7379,1,25.74983,0.3714518,,388.78665,,0,,0,7.9569597,1,0,0,0,0,0,,0.3714518,388.78665,0,0,0,0,0
Burmerange,Dekan,5/14/2003,2003,134,2002,223,9.512,3.368,6.091175,16.05,481.48254,1,25.843472,0.3772732,,395.2881,,0,,0,7.9569597,1,0,0,0,0,0,,0.3772732,395.2881,0,0,0,0,0
Burmerange,Dekan,5/15/2003,2003,135,2002,224,11.08,2.7159996,2.722776,21.5,483.65146,1,25.959888,0.3845599,,406.32437,,0,,0,7.9569597,1,0,0,0,0,0,,0.3845599,406.32437,0,0,0,0,0
Burmerange,Dekan,5/16/2003,2003,136,2002,225,14.258,0.8199997,0,23.78,486.47562,1,26.111475,0.39412564,,422.614,,0,,0.37730002,8.33426,1,0,0,0,0,0,,0.39412564,422.614,0,0,0,0,0
Burmerange,Dekan,5/17/2003,2003,137,2002,226,14.794,7.491,5.3405194,15.139999,493.9713,1,26.513803,0.41989288,,451.9401,,0,,0.5909486,8.925209,1,0,0,0,0,0,,0.41989288,451.9401,0,0,0,0,0
Burmerange,Dekan,5/18/2003,2003,138,2002,227,15.465,10.154,11.656293,15.059999,503.94394,1,27.049082,0.45483968,,493.98077,,0,,0.036904495,8.962113,1,0,0,0,0,0,,0.45483968,493.98077,0,0,0,0,0
Burmerange,Dekan,5/19/2003,2003,139,2002,228,12.21,7.614,18.281103,4.98,509.69827,1,27.357944,0.47523174,,502.362,,0,,0.07498435,9.037098,1,0,0,0,0,0,,0.47523174,502.362,0,0,0,0,0
Burmerange,Dekan,5/20/2003,2003,140,2002,229,12.592001,7.0100007,3.5261302,21.83,515.30133,1,27.658686,0.49516803,,539.6364,,0,,0.19122072,9.228318,1,0,0,0,0,0,,0.49516803,539.6364,0,0,0,0,0
Burmerange,Dekan,5/21/2003,2003,141,2002,230,13.552,6.6369996,6.0150967,15.15,521.30676,1,27.981028,0.5165514,,568.5596,,0,,0.34324884,9.571568,1,0,0,0,0,0,,0.5165514,568.5596,0,0,0,0,0
Burmerange,Dekan,5/22/2003,2003,142,2002,231,14.287001,8.636001,4.8918157,5.44,529.2692,1,28.408411,0.54479694,,583.08264,,0,,0,9.571568,1,0,0,0,0,0,,0.54479694,583.08264,0,0,0,0,0
Burmerange,Dekan,5/23/2003,2003,143,2002,232,16.874,11.14,0,19.56,541.036,1,29.039991,0.58596474,,666.08215,,0,,0.71077514,10.282343,1,0,0,0,0,0,,0.58596474,666.08215,0,0,0,0,0
Burmerange,Dekan,5/24/2003,2003,144,2002,233,15.777,11.157,9.559965,11.37,551.9963,1,29.62828,0.62327147,,713.88293,,0,,0.14274672,10.42509,0.9833544,0.016645618,0,0,0.016645618,0,,0.62327147,713.88293,0,0,0,0,0
Burmerange,Dekan,5/25/2003,2003,145,2002,234,13.111,6.959,1.044829,14.359999,557.9195,1,29.946209,0.64287037,,747.5352,,0,,0,10.42509,0.9672163,0.016411327,0,0,0.016411327,0,,0.6321694,746.97504,0,0.01664561,0.0033291236,0.03301412,0.8322809
Burmerange,Dekan,5/26/2003,2003,146,2002,235,16.378,5.8409996,0,21.83,565.3672,1,30.34596,0.666845,,814.25867,,0,,0,10.42509,0.9680308,0.015817532,0,0,0.015817532,0,,0.65590125,812.6035,0,0.016411304,0.0032822653,0.032553256,0.82056636
Burmerange,Dekan,5/27/2003,2003,147,2002,236,17.463,9.567,0,14.309999,576.39935,1,30.93811,0.70080274,,882.3473,,0,,0,10.42509,0.9693784,0.015042007,0,0,0.015042007,0,,0.68971777,879.6151,0,0.015817523,0.0031635063,0.031384826,0.7908766
Burmerange,Dekan,5/28/2003,2003,148,2002,237,19.798,10.259,0,21.73,589.6631,1,31.65004,0.7388672,,1013.4073,,0,,0,10.42509,0.9709166,0.01425585,0,0,0.01425585,0,,0.72775316,1008.7037,0,0.015042007,0.0030084015,0.029857755,0.75210035
Burmerange,Dekan,5/29/2003,2003,149,2002,238,21.496,11.539,0,20.72,604.9852,1,32.472454,0.77874726,,1165.5614,,0,,1,11.42509,0.9724218,0.013515012,0,0,0.013515012,0,,0.7676456,1158.6887,0,0.014255822,0.00285117,0.028308392,0.71279246
Burmerange,Dekan,5/30/2003,2003,150,2002,239,23.21,12.715,5.982131,22.87,622.08167,1,33.3901,0.8178652,,1362.3641,,0,,1,12.42509,0.9737999,0.012858935,0,0,0.012858935,0,,0.80681175,1352.8317,0,0.013514996,0.0027030024,0.026847363,0.6757506
Burmerange,Dekan,5/31/2003,2003,151,2002,240,21.942,12.628,1.860565,22.76,638.3794,1,34.264874,0.8499413,,1556.3931,,0,,0,12.42509,0.9749347,0.012365425,0,0,0.012365425,0,,0.83901197,1544.3656,0,0.012858927,0.002571787,0.025552511,0.6429467
Burmerange,Dekan,6/1/2003,2003,152,2002,241,23.625,11.09,0,23.96,654.7656,1,35.144405,0.87735224,,1768.3837,,0,,1,13.42509,0.9758096,0.011973108,0,0,0.011973108,0,,0.8665034,1753.7349,0,0.012365401,0.002473085,0.024577916,0.61827123
Burmerange,Dekan,6/2/2003,2003,153,2002,242,21.663,14.346,7.5749636,18.19,671.9094,1,36.06459,0.90130746,,1941.3615,,0,,0,13.42509,0.9765161,0.011650255,0,0,0.011650255,0,,0.89051604,1924.6415,0,0.011973083,0.0023946217,0.023802817,0.5986554
Burmerange,Dekan,6/3/2003,2003,154,2002,243,22.963,12.053,0,21.77,688.47705,1,36.953857,0.9204057,,2145.6646,,0,,1,14.42509,0.9770778,0.011404789,0,0,0.011404789,0,,0.9096827,2126.5645,0,0.011650264,0.002330051,0.023164809,0.58251274
Burmerange,Dekan,6/4/2003,2003,155,2002,244,24.788998,14.173999,1.4849305,25.25,707.10205,1,37.95355,0.9378022,,2417.087,,0,,1,15.42509,0.9775323,0.011190447,0,0,0.011190447,0,,0.92710674,2394.8914,0,0.011404812,0.0022809578,0.022679567,0.5702394
Burmerange,Dekan,6/5/2003,2003,156,2002,245,19.179,12.771,2.605021,13.35,721.6962,1,38.73689,0.9488816,,2530.863,,0,,0,15.42509,0.9778759,0.011057387,0,0,0.011057387,0,,0.9382632,2507.3943,0,0.011190474,0.0022380895,0.022255719,0.55952233
Burmerange,Dekan,6/6/2003,2003,157,2002,246,21.518,10.054,0,21.93,736.03033,1,39.506268,0.9579266,,2716.182,,0,,0,15.42509,0.9781122,0.010951507,0,0,0.010951507,0,,0.9473344,2690.664,0,0.011057377,0.0022114774,0.021992505,0.5528694
Burmerange,Dekan,6/7/2003,2003,158,2002,247,23.563,15.700001,0,23.35,754.7836,1,40.512848,0.9674703,,2976.9053,,0,,1,16.42509,0.9783249,0.010842314,0,0,0.010842314,0,,0.956875,2948.5322,0,0.010951519,0.0021903014,0.021783113,0.54757535
Burmerange,Dekan,6/8/2003,2003,159,2002,248,23.863,11.539,9.941991,18.7,771.5794,1,41.414356,0.97421443,,3165.215,,0,,0,16.42509,0.9553432,0.034185033,0,0,0.034185033,0,,0.96365166,3134.8003,0,0.010842323,0.0021684628,0.021567106,0.5421157
Burmerange,Dekan,6/9/2003,2003,160,2002,249,18.942,9.404001,0,27.62,783.5925,1,42.05916,0.9781821,,3364.9602,,0,,1,17.42509,0.9327985,0.034185033,0,0,0.034185033,0,,0.94474286,3327.717,0,0.034185052,0.0068370067,0.067201495,1.7092516
Burmerange,Dekan,6/10/2003,2003,161,2002,250,24.354,13.577,6.010997,15.26,801.7432,1,43.033394,0.9830693,,3532.5356,,0,,0,17.42509,0.9329627,0.02330254,0.010712546,0,0.034015086,0.010712546,,0.949463,3489.5637,0,0.034185052,0.0068370067,0.067201495,1.7092516
Burmerange,Dekan,6/11/2003,2003,162,2002,251,21.488,13.505,0,25.46,818.29706,1,43.921917,0.98657864,,3788.4336,,0,,0,17.42509,0.93324953,0.023215564,0.010672563,0,0.033888128,0.010672563,,0.9530201,3736.7573,0,0.03401506,0.006803017,0.06687307,1.7007543
Burmerange,Dekan,6/12/2003,2003,163,2002,252,24.913,12.845,0,21.75,836.3635,1,44.891632,0.9895927,,4027.7466,,0,,0,17.42509,0.9334762,0.023141814,0.010638659,0,0.033780474,0.010638659,,0.95605725,3967.9604,0,0.0338881,0.0067776255,0.0666278,1.6944064
Burmerange,Dekan,6/13/2003,2003,164,2002,253,21.999,13.927001,0,27.150002,853.4605,1,45.809307,0.9918242,,4311.083,,0,,1,18.42509,0.9336573,0.023087174,0.01061354,0,0.033700712,0.01061354,,0.95831996,4241.7256,0,0.033780456,0.0067560948,0.06641978,1.6890237
Burmerange,Dekan,6/14/2003,2003,165,2002,254,21.73,11.835,2.1333098,17.02,869.12726,1,46.650215,0.99344903,,4474.1104,,0,,0,18.42509,0.93379027,0.023047512,0.010595307,0,0.03364282,0.010595307,,0.9599691,4399.259,0,0.033700705,0.006740142,0.06626564,1.6850356
Burmerange,Dekan,6/15/2003,2003,166,2002,255,21.595,12.772001,0,21.28,885.30005,1,47.518288,0.9947901,,4684.811,,0,,0,18.42509,0.93389195,0.023015063,0.01058039,0,0.033595454,0.01058039,,0.96132255,4602.8706,0,0.03364283,0.0067285644,0.066153824,1.6821411
Burmerange,Dekan,6/16/2003,2003,167,2002,256,21.364002,11.577001,0,28.3,900.5603,1,48.33738,0.9958039,,4949.4775,,0,,1,19.42509,0.93397236,0.022990504,0.0105691,0,0.033559605,0.0105691,,0.9623494,4858.6455,0,0.033595443,0.006719091,0.06606221,1.6797727
Burmerange,Dekan,6/17/2003,2003,168,2002,257,23.206,12.138,2.5509,24.29,917.3221,1,49.237064,0.9966923,,5199.217,,0,,1,20.42509,0.93403715,0.022969162,0.010559289,0,0.03352845,0.010559289,,0.96324366,5100.0034,0,0.03355962,0.006711921,0.06599301,1.6779803
Burmerange,Dekan,6/18/2003,2003,169,2002,258,19.141003,13.354001,2.34417,15.67,932.2855,1,50.040222,0.99732566,,5343.135,,0,,1,21.42509,0.9340889,0.022953836,0.010552242,0,0.03350608,0.010552242,,0.96388686,5239.096,0,0.033528447,0.00670569,0.06593275,1.6764226
Burmerange,Dekan,6/19/2003,2003,170,2002,259,19.302,13.773001,1.1473298,11.42,947.634,1,50.864048,0.9978498,,5450.7744,,0,,0,21.42509,0.9341283,0.022941248,0.010546455,0,0.033487704,0.010546455,,0.9644158,5343.1294,0,0.033506095,0.006701216,0.06588954,1.675304
Burmerange,Dekan,6/20/2003,2003,171,2002,260,18.08,10.584,0,21.23,959.8821,1,51.52146,0.99819344,,5610.5137,,0,,0,21.42509,0.93415785,0.022932915,0.010542624,0,0.03347554,0.010542624,,0.96476626,5497.519,0,0.033487678,0.006697541,0.06585395,1.6743852
Burmerange,Dekan,6/21/2003,2003,172,2002,261,18.389,8.434,0,28.619999,970.7591,1,52.105286,0.9984524,,5801.8003,,0,,0,21.42509,0.93417835,0.022926677,0.010539756,0,0.033466432,0.010539756,,0.9650287,5682.402,0,0.03347552,0.0066951085,0.06583041,1.673777
Burmerange,Dekan,6/22/2003,2003,173,2002,262,24.935,10.755,0,24.850002,987.7216,1,53.015743,0.99878424,,6060.9,,0,,0,21.42509,0.93419814,0.022918845,0.010536156,0,0.033455,0.010536156,,0.9653585,5932.8306,0,0.03346646,0.0066932864,0.065812886,1.6733216
Burmerange,Dekan,6/23/2003,2003,174,2002,263,25.765999,13.276999,0,25.64,1006.3812,1,54.017292,0.99861944,,6354.9346,,0,,0,21.42509,0.9331885,0,0.033455,0,0.033455,0.033455,,0.96415603,6216.718,0,0.033455014,0.006691,0.06579077,1.67275
Burmerange,Dekan,6/24/2003,2003,175,2002,264,20.09,9.897,0,24.599998,1019.59454,1,54.726517,0.9974406,1,6554.4663,,0,,0,21.42509,0.9323187,0,0.033455,0,0.033455,0.033455,,0.96212023,6409.184,0,0.033455014,0.006691,0.06579077,1.67275
Burmerange,Dekan,6/25/2003,2003,176,2002,265,22.212997,9.847999,0,28.07,1034.2645,1,55.513924,0.99492705,,6806.605,,0,,0,21.42509,0.9304696,0,0.033455,0,0.033455,0.033455,,0.95779234,6651.912,0,0.033455014,0.006691,0.06579077,1.67275
Burmerange,Dekan,6/26/2003,2003,177,2002,266,25.008,11.919,0,27.08,1051.9082,1,56.460945,0.98848957,,7097.2656,,0,,1,22.42509,0.92576694,0,0.033455,0,0.033455,0.033455,,0.9467857,6930.31,0,0.033455014,0.006691,0.06579077,1.67275
Burmerange,Dekan,6/27/2003,2003,178,2002,267,20.376,14.545999,3.0933456,14.949999,1068.4194,1,57.347183,0.9753999,,7245.443,,0,,1,23.42509,0.91634995,0,0.033455,0,0.033455,0.033455,,0.924745,7070.7925,0,0.033455014,0.006691,0.06579077,1.67275
Burmerange,Dekan,6/28/2003,2003,179,2002,268,20.02,13.735001,1.1625612,17.97,1084.2078,1,58.19462,0.9498416,,7411.292,,0,,0,23.42509,0.89850426,0,0.033455,0,0.033455,0.033455,,0.8829767,7224.967,0,0.033455014,0.006691,0.06579077,1.67275
Burmerange,Dekan,6/29/2003,2003,180,2002,269,22.69,10.647001,0,26.7,1099.7272,1,59.02762,0.9015626,,7641.2036,,0,,1,24.42509,0.8666233,0,0.033455,0,0.033455,0.033455,,0.8083587,7431.11,0,0.033455014,0.006691,0.06579077,1.67275
Burmerange,Dekan,6/30/2003,2003,181,2002,270,23.580002,14.278001,5.602717,14.68,1117.8425,1,59.999954,0.7968628,,7771.62,,0,,1,25.42509,0.80470306,0,0.033455,0,0.033455,0.033455,,0.6634331,7539.689,0,0.033455014,0.006691,0.06579077,1.67275
Burmerange,Dekan,7/1/2003,2003,182,2002,271,18.064,12.17,12.396664,16.05,1131.2334,1,60.718708,0.677002,,7861.167,,0,,0.8849224,26.310013,0.7230412,0.027048936,0.033455,0,0.060503937,0.033455,,0.52102435,7608.605,0,0.033455014,0.006691,0.06579077,1.67275
Burmerange,Dekan,7/2/2003,2003,183,2002,272,17.097,11.191,7.7887325,16.42,1143.2035,1,61.3612,0.54481846,,7927.0693,,0,,0.7460796,27.056093,0.4764956,0.027048936,0.033455,0,0.060503937,0.033455,,0.2763222,7642.03,0,0.06050396,0.012100787,0.11734718,3.0251968
Burmerange,Dekan,7/3/2003,2003,184,2002,273,16.869,9.732,9.482184,17.66,1153.914,1,61.93608,0.42029637,0.5,7975.994,,0,,0.74896127,27.805054,0.41371349,0.04815132,0.033455,0,0.08160632,0.033455,,0.18933305,7664.0693,0,0.06050396,0.012100787,0.11734718,3.0251968
Burmerange,Dekan,7/4/2003,2003,185,2002,274,16.31,10.77,4.9498854,14.039999,1164.9835,1,62.53024,0.30160227,,8004.842,,0,,0.6993814,28.504435,0.2635455,0.04815132,0.033455,0,0.08160632,0.033455,,0.08654886,7672.3477,0,0.08160633,0.016321264,0.15655309,4.080316
Burmerange,Dekan,7/5/2003,2003,186,2002,275,15.164,11.733,1.4362565,7.26,1175.916,1,63.11704,0.2056439,,8014.8867,,0,,0,28.504435,0.24079822,0.04815132,0.033455,0,0.08160632,0.033455,,0.0539188,7674.9814,0,0.08160633,0.016321264,0.15655309,4.080316
Burmerange,Dekan,7/6/2003,2003,187,2002,276,19.02,11.459,0,18.05,1189.482,1,63.845192,0.12064274,,8033.0674,,0,,0,28.504435,0.22369523,0.04815132,0.033455,0,0.08160632,0.033455,,0.029385226,7679.4097,0,0.08160633,0.016321264,0.15655309,4.080316
Burmerange,Dekan,7/7/2003,2003,188,2002,277,19.725,11.894,0,20.11,1203.8486,1,64.61632,0.06544873,,8044.7046,,0,,0,28.504435,0.21383329,0.04815132,0.033455,0,0.08160632,0.033455,,0.01523869,7682.119,0,0.08160633,0.016321264,0.15655309,4.080316
Burmerange,Dekan,7/8/2003,2003,189,2002,278,20.965,12.986,0,23.46,1219.7614,1,65.47043,0.032182835,,8052.0986,,0,,0,28.504435,0.2082985,0.04815132,0.033455,0,0.08160632,0.033455,,0.0072993063,7683.796,0,0.08160633,0.016321264,0.15655309,4.080316
Burmerange,Dekan,7/9/2003,2003,190,2002,279,20.76,11.300001,0,19.17,1234.4307,1,66.2578,0.01646006,,8054.9473,,0,,0,28.504435,0.20578107,0.04815132,0.033455,0,0.08160632,0.033455,,0.0036881445,7684.434,0,0.08160633,0.016321264,0.15655309,4.080316
Burmerange,Dekan,7/10/2003,2003,191,2002,280,22.375,10.654,0,28.15,1249.7489,1,67.08,0.008104433,,8057.098,,0,,0,28.504435,0.20446779,0.04815132,0.033455,0,0.08160632,0.033455,,0.0018043412,7684.913,0,0.08160633,0.016321264,0.15655309,4.080316
Burmerange,Dekan,7/11/2003,2003,192,2002,281,23.412,12.492,0,22.52,1266.8335,1,67.99702,0.003659116,,8057.9644,,0,,0,28.504435,0.20377596,0.04815132,0.033455,0,0.08160632,0.033455,,0.0008118957,7685.1055,0,0.08160633,0.016321264,0.15655309,4.080316
Burmerange,Dekan,7/12/2003,2003,193,2002,282,19.387,10.885,0,26.45,1280.2516,1,68.71723,0.001955963,0,8058.3916,,0,,0,28.504435,0.2035121,0.04815132,0.033455,0,0.08160632,0.033455,,0.00043343302,7685.2,0,0.08160633,0.016321264,0.15655309,4.080316
Burmerange,Dekan,7/13/2003,2003,194,2002,283,22.802998,10.6449995,0,28.060001,1295.8429,1,69.554085,0.0009437721,,8058.6455,,0,,0,28.504435,0.20335574,0.04815132,0.033455,0,0.08160632,0.033455,,0.00020897517,7685.2563,0,0.08160633,0.016321264,0.15655309,4.080316
Burmerange,Dekan,7/14/2003,2003,195,2002,284,24.337,13.434,0,28.74,1313.9158,1,70.52415,0.00040525032,,8058.775,,0,,0,28.504435,0.20327258,0.04815132,0.033455,0,0.08160632,0.033455,0.19,8.969604E-05,7685.285,0,0.08160633,0.016321264,0.15655309,4.080316
Burmerange,Dekan,7/15/2003,2003,196,2002,285,27.813,15.009,0,28.05,1333.8229,1,71.59265,0.00015964927,,8058.8296,,0,,0,28.504435,0.20323451,0.04815132,0.033455,0,0.08160632,0.033455,,3.5329336E-05,7685.2974,0,0.08160633,0.016321264,0.15655309,4.080316
Burmerange,Dekan,7/16/2003,2003,197,2002,286,28.001999,17.569,0,24.18,1354.084,1,72.68016,6.185147E-05,,8058.848,,0,,0,28.504435,0.20321937,0.04815132,0.022918845,0.010536156,0.08160632,0.033455,,1.36863055E-05,7685.3013,0,0.08160633,0.016321264,0.15655309,4.080316
Burmerange,Dekan,7/17/2003,2003,198,2002,287,18.017,15.4,0,9.32,1369.6553,1,73.51595,2.9842646E-05,,8058.8506,,0,,0,28.504435,0.20321447,0.021102384,0.04996778,0.010536156,0.08160632,0.060503937,,6.603331E-06,7685.302,0,0.08160633,0.016321264,0.15655309,4.080316
Burmerange,Dekan,7/18/2003,2003,199,2002,288,22.484001,13.125001,0,19.05,1386.5712,2,74.42391,1.3520263E-05,,8058.853,,0.0022484092,,0,28.504435,0.20321447,0.021102384,0.04996778,0.010536156,0.08160632,0.060503937,,2.9916132E-06,7685.3022,0.000497503,0.08160633,0.016321264,0.15655309,4.080316
Burmerange,Dekan,7/19/2003,2003,200,2002,289,26.666,12.667,0,27.88,1405.3538,2,75.43205,5.6128542E-06,,8058.855,,0.0037652217,,1,29.504435,0.20321447,0.021102384,0.04996778,0.010536156,0.08160632,0.060503937,,1.2419437E-06,7685.3027,0.0008331247,0.08160633,0.016321264,0.15655309,4.080316
Burmerange,Dekan,7/20/2003,2003,201,2002,290,28.213,16.461,4.082719,23.49,1425.5564,2,76.51643,2.1802914E-06,,8058.8555,,0.0042991773,,1,30.504435,0.20321447,0.021102384,0.04996778,0.010536156,0.08160632,0.060503937,,4.824269E-07,7685.3027,0.0009512715,0.08160633,0.016321264,0.15655309,4.080316
Burmerange,Dekan,7/21/2003,2003,202,2002,291,25.216,15.786,1.9160024,21.88,1444.9625,2,77.55805,8.790948E-07,,8058.8555,,0.0044918056,,0,30.504435,0.20321447,0.021102384,0.04996778,0.010536156,0.08160632,0.060503937,,1.9451444E-07,7685.3027,0.0009938937,0.08160633,0.016321264,0.15655309,4.080316
Burmerange,Dekan,7/22/2003,2003,203,2002,292,22.663,13.732,0,21.94,1462.3206,2,78.48974,3.901118E-07,,8058.8555,,0.0045684753,,0,30.504435,0.20321447,0.021102384,0.04996778,0.010536156,0.08160632,0.060503937,,8.6318735E-08,7685.3027,0.0010108582,0.08160633,0.016321264,0.15655309,4.080316
Burmerange,Dekan,7/23/2003,2003,204,2002,293,22.121,13.776,0,19.37,1479.4011,2,79.40653,1.75381E-07,,8058.8555,,0.0045984196,,1,31.504435,0.20321447,0.021102384,0.04996778,0.010536156,0.08160632,0.060503937,,3.880596E-08,7685.3027,0.0010174839,0.08160633,0.016321264,0.15655309,4.080316
Burmerange,Dekan,7/24/2003,2003,205,2002,294,21.57,14.234001,4.9311757,16.93,1496.4288,2,80.320496,7.904062E-08,,8058.8555,,0.0046101785,,1,32.504433,0.20321447,0.021102384,0.04996778,0.010536156,0.08160632,0.060503937,,1.748905E-08,7685.3027,0.0010200858,0.08160633,0.016321264,0.15655309,4.080316
Burmerange,Dekan,7/25/2003,2003,206,2002,295,22.15,11.519,2.9680133,17.77,1512.1622,2,81.16498,3.784671E-08,,8058.8555,,0.004615639,,1,33.504433,0.20321447,0.021102384,0.04996778,0.010536156,0.08160632,0.060503937,,8.374229E-09,7685.3027,0.001021294,0.08160633,0.016321264,0.15655309,4.080316
Burmerange,Dekan,7/26/2003,2003,207,2002,296,20.431,15.065,10.894579,12.16,1529.0127,2,82.06943,1.7198843E-08,,8058.8555,,0.0046174573,,1,34.504433,0.20321447,0.021102384,0.04996778,0.010536156,0.08160632,0.060503937,,3.8055297E-09,7685.3027,0.0010216965,0.08160633,0.016321264,0.15655309,4.080316
Burmerange,Dekan,7/27/2003,2003,208,2002,297,20.258999,14.8949995,3.624621,14.21,1545.6625,2,82.9631,7.8894935E-09,,8058.8555,,0.0046184207,,0,34.504433,0.20321447,0.021102384,0.04996778,0.010536156,0.08160632,0.060503937,,1.7456847E-09,7685.3027,0.0010219096,0.08160633,0.016321264,0.15655309,4.080316
Burmerange,Dekan,7/28/2003,2003,209,2002,298,18.976,9.93,0,21.19,1558.0887,2,83.63007,4.4101505E-09,,8058.8555,,0.00461902,,0,34.504433,0.20321447,0.021102384,0.04996778,0.010536156,0.08160632,0.060503937,,9.758191E-10,7685.3027,0.0010220422,0.08160633,0.016321264,0.15655309,4.080316
Burmerange,Dekan,7/29/2003,2003,210,2002,299,21.034,11.312,0,19.7,1572.9519,2,84.42785,2.1994875E-09,,8058.8555,,0.0046193525,,1,35.504433,0.20321447,0.021102384,0.04996778,0.010536156,0.08160632,0.060503937,,4.8667315E-10,7685.3027,0.0010221158,0.08160633,0.016321264,0.15655309,4.080316
Burmerange,Dekan,7/30/2003,2003,211,2002,300,18.558,13.508001,15.627414,8.54,1587.6252,2,85.21545,1.1067463E-09,,8058.8555,,0.004619424,,0,35.504433,0.20321447,0.021102384,0.04996778,0.010536156,0.08160632,0.060503937,,2.4488597E-10,7685.3027,0.0010221316,0.08160633,0.016321264,0.15655309,4.080316
Burmerange,Dekan,7/31/2003,2003,212,2002,301,20.841,11.676999,0,18.74,1602.6041,2,86.019424,5.48989E-10,,8058.8555,,0.004619504,,0,35.504433,0.20321447,0.021102384,0.04996778,0.010536156,0.08160632,0.060503937,,1.2147293E-10,7685.3027,0.0010221492,0.08160633,0.016321264,0.15655309,4.080316
Burmerange,Dekan,8/1/2003,2003,213,2002,302,24.706,11.9470005,0,24.83,1620.102,2,86.958626,2.4203214E-10,,8058.8555,,0.0046195583,,0,35.504433,0.20321447,0.021102384,0.04996778,0.010536156,0.08160632,0.060503937,,5.3553627E-11,7685.3027,0.0010221612,0.08160633,0.016321264,0.15655309,4.080316
Burmerange,Dekan,8/2/2003,2003,214,2002,303,26.235,14.728001,0,25.16,1639.4952,2,87.99955,9.7646495E-11,,8058.8555,,0.004619583,,0,35.504433,0.20321447,0.021102384,0.04996778,0.010536156,0.08160632,0.060503937,,2.1605906E-11,7685.3027,0.0010221667,0.08160633,0.016321264,0.15655309,4.080316
Burmerange,Dekan,8/3/2003,2003,215,2002,304,28.166,15.672001,0,25.26,1659.5928,2,89.078285,3.8117308E-11,,8058.8555,,0.004619593,,0,35.504433,0.20321447,0.021102384,0.04996778,0.010536156,0.08160632,0.060503937,,8.434087E-12,7685.3027,0.0010221689,0.08160633,0.016321264,0.15655309,4.080316
Burmerange,Dekan,8/4/2003,2003,216,2002,305,29.68,16.806,0,25.2,1679.8527,2,90.165726,1.4766842E-11,,8058.8555,,0.0046195965,,0,35.504433,0.20321447,0.021102384,0.04996778,0.010536156,0.08160632,0.060503937,,3.2674093E-12,7685.3027,0.0010221697,0.08160633,0.016321264,0.15655309,4.080316
Burmerange,Dekan,8/5/2003,2003,217,2002,306,30.289,17.934,0,25.27,1699.9314,2,91.243454,5.769459E-12,,8058.8555,,0.004619598,,0,35.504433,0.20321447,0.021102384,0.04996778,0.010536156,0.08160632,0.060503937,,1.2765911E-12,7685.3027,0.0010221701,0.08160633,0.016321264,0.15655309,4.080316
Burmerange,Dekan,8/6/2003,2003,218,2002,307,32.002,17.288002,0,25.23,1719.7755,2,92.30858,2.2790413E-12,,8058.8555,,0.0046195984,,1,36.504433,0.20321447,0.021102384,0.04996778,0.010536156,0.08160632,0.060503937,,5.042767E-13,7685.3027,0.0010221702,0.08160633,0.016321264,0.15655309,4.080316
Burmerange,Dekan,8/7/2003,2003,219,2002,308,32.437,18.439,1.6934035,22.95,1739.0862,2,93.34508,9.230246E-13,,8058.8555,,0.0046195984,,0,36.504433,0.20321447,0.021102384,0.04996778,0.010536156,0.08160632,0.060503937,,2.042345E-13,7685.3027,0.0010221702,0.08160633,0.016321264,0.15655309,4.080316
Burmerange,Dekan,8/8/2003,2003,220,2002,309,32.924,20.280003,0,21.9,1757.1848,2,94.31651,3.956507E-13,,8058.8555,,0.0046195984,,0,36.504433,0.20321447,0.021102384,0.04996778,0.010536156,0.08160632,0.060503937,,8.754428E-14,7685.3027,0.0010221702,0.08160633,0.016321264,0.15655309,4.080316
Burmerange,Dekan,8/9/2003,2003,221,2002,310,31.351,18.873,0,24.46,1776.7423,2,95.36626,1.5840016E-13,,8058.8555,,0.0046195984,,0,36.504433,0.20321447,0.021102384,0.04996778,0.010536156,0.08160632,0.060503937,,3.5048665E-14,7685.3027,0.0010221702,0.08160633,0.016321264,0.15655309,4.080316
Burmerange,Dekan,8/10/2003,2003,222,2002,311,29.522,16.262,0,25.189999,1797.0087,2,96.45405,6.1346436E-14,,8058.8555,,0.0046195984,,0,36.504433,0.20321447,0.021102384,0.04996778,0.010536156,0.08160632,0.060503937,,1.3573917E-14,7685.3027,0.0010221702,0.08160633,0.016321264,0.15655309,4.080316
Burmerange,Dekan,8/11/2003,2003,223,2002,312,31.115,15.638,0,24.68,1817.2563,2,97.54084,2.377953E-14,,8058.8555,,0.0046195984,,0,36.504433,0.20321447,0.021102384,0.04996778,0.010536156,0.08160632,0.060503937,,5.2616154E-15,7685.3027,0.0010221702,0.08160633,0.016321264,0.15655309,4.080316
Burmerange,Dekan,8/12/2003,2003,224,2002,313,33.385,19.822002,0,22.35,1835.353,2,98.51218,1.0193931E-14,,8058.8555,,0.0046195984,,0,36.504433,0.20321447,0.021102384,0.04996778,0.010536156,0.08160632,0.060503937,,2.2555723E-15,7685.3027,0.0010221702,0.08160633,0.016321264,0.15655309,4.080316
Burmerange,Dekan,8/13/2003,2003,225,2002,314,28.836,18.322,0,24.150002,1855.5714,2,99.5974,3.9568577E-15,,8058.8555,,0.0046195984,,0,36.504433,0.20321447,0.021102384,0.04996778,0.010536156,0.08160632,0.060503937,,8.755221E-16,7685.3027,0.0010221702,0.08160633,0.016321264,0.15655309,4.080316
Burmerange,Dekan,8/14/2003,2003,226,2002,315,22.475002,14.868001,0,17.11,1873.4304,2,100,1.715223E-15,,8058.8555,,0.0046195984,,0,0,0.20321447,0.021102384,0.04996778,0.010536156,0.08160632,0.060503937,,3.7952087E-16,7685.3027,0.0010221702,0.08160633,0.016321264,0.15655309,4.080316
