Site,Variety,Date,Year,Doy,GrowingSeason,DaysAfterSowing,Tmax,Tmin,RHmax,RHmin,LW,Prec,Rad,GrowingDegreeDays,PhenoCode,CyclePercentage,LightInterception,LightInterceptionRef,AGBattainable,AGBRef,YieldAttainable,YieldRef,HTtimeRinoculum,HTtimeSinoculum,OuterInoculum, FirstInfection, HTtimeRinfection, Susceptible,Latent,Sporulating,Dead,Affected,DiseaseSeverity,DiseaseSeverityRef,LightIntHealthy,AGBactual,YieldActual,YieldActualRef,LightStealers,SenAccelerator,RUEReducers,AssimilateSappers,FungicidePotentialDegradation,FungicideActualDegradation,FungicideTenacityFunction,FungicideConcentrationFactor,FungicideEfficacy
Sharkiya,Generic,10/27/2013,2013,300,2013,1,29.5,14.03,77.64419,30.149164,0,0,18.6,23.330212,1,0.6514059,5.7891802E-06,,0.001570105,,0,,0,0,0,0,0,1,0,0,0,0,0,,5.7891802E-06,0.001570105,0,,0,0,0,0,0,0,0,0,0
Sharkiya,Generic,10/28/2013,2013,301,2013,2,28.88,13.370001,78.3367,30.203115,0,0,18.49,46.24665,1,1.2912588,7.3810347E-06,,0.00352481,,0,,0,0,0,0,0,1,0,0,0,0,0,,7.3810347E-06,0.00352481,0,,0,0,0,0,0,0,0,0,0
Sharkiya,Generic,10/29/2013,2013,302,2013,3,29.11,13.220001,77.20153,29.0859,0,0.04,18.58,69.19153,1,1.9319057,9.413425E-06,,0.0060329926,,0,,0,0,0,0,0,1,0,0,0,0,0,,9.413425E-06,0.0060329926,0,,0,0,0,0,0,0,0,0,0
Sharkiya,Generic,10/30/2013,2013,303,2013,4,29.46,15.77,81.7068,35.571827,0,0,17.12,92.92667,1,2.5946176,1.2106425E-05,,0.009107612,,0,,0,0,0,0,0,1,0,0,0,0,0,,1.2106425E-05,0.009107612,0,,0,0,0,0,0,0,0,0,0
Sharkiya,Generic,10/31/2013,2013,304,2013,5,30.03,16.65,81.597885,36.362232,0,0.09,16.8,116.86503,1,3.2630038,1.5603424E-05,,0.013029576,,0,,0,0,0,0,0,1,0,0,0,0,0,,1.5603424E-05,0.013029576,0,,0,0,0,0,0,0,0,0,0
Sharkiya,Generic,11/1/2013,2013,305,2013,6,30.37,15.31,77.35379,31.031996,0,0.01,17.69,140.6778,1,3.9278831,2.0083751E-05,,0.018317226,,0,,0,0,0,0,0,1,0,0,0,0,0,,2.0083751E-05,0.018317226,0,,0,0,0,0,0,0,0,0,0
Sharkiya,Generic,11/2/2013,2013,306,2013,7,29.899998,14.729999,77.77484,30.879387,0,0,17.63,164.28976,1,4.587156,2.5795574E-05,,0.025028575,,0,,0,0,0,0,0,1,0,0,0,0,0,,2.5795574E-05,0.025028575,0,,0,0,0,0,0,0,0,0,0
Sharkiya,Generic,11/3/2013,2013,307,2013,8,29.46,16.35,83.02824,37.51061,0,0,16.27,188.12257,1,5.252595,3.3209413E-05,,0.03307687,,0,,0,0,0,0,0,1,0,0,0,0,0,,3.3209413E-05,0.03307687,0,,0,0,0,0,0,0,0,0,0
Sharkiya,Generic,11/4/2013,2013,308,2013,9,30.66,18.54,83.46802,40.419983,0,0,15.530001,212.06949,1,5.92122,4.280568E-05,,0.043026395,,0,,0,0,0,0,0,1,0,0,0,0,0,,4.280568E-05,0.043026395,0,,0,0,0,0,0,0,0,0,0
Sharkiya,Generic,11/5/2013,2013,309,2013,10,30.029999,16.64,81.57534,36.32909,0,0,16.21,236.00693,1,6.5895805,5.5169286E-05,,0.05640584,,0,,0,0,0,0,0,1,0,0,0,0,0,,5.5169286E-05,0.05640584,0,,0,0,0,0,0,0,0,0,0
Sharkiya,Generic,11/6/2013,2013,310,2013,11,29.009998,15.2699995,82.19499,35.568195,0,0,16.31,259.53696,1,7.246565,7.079714E-05,,0.07338719,,0,,0,0,0,0,0,1,0,0,0,0,0,,7.079714E-05,0.07338719,0,,0,0,0,0,0,0,0,0,0
Sharkiya,Generic,11/7/2013,2013,311,2013,12,28.98,17.880001,88.35151,45.21251,0,0,14.549999,283.49084,1,7.9153852,9.126064E-05,,0.093266554,,0,,0,0,0,0,0,1,0,0,0,0,0,,9.126064E-05,0.093266554,0,,0,0,0,0,0,0,0,0,0
Sharkiya,Generic,11/8/2013,2013,312,2013,13,26.939999,16.8,93.18923,50.168156,3,0,13.82,306.88028,1,8.568444,0.00011693652,,0.116890796,,0,,0,0,0,0,0,1,0,0,0,0,0,,0.00011693652,0.116890796,0,,0,0,0,0,0,0,0,0,0
Sharkiya,Generic,11/9/2013,2013,313,2013,14,27.8,16.01,88.24619,42.957455,0,0.02,14.8,330.28888,1,9.222039,0.00014986584,,0.1493412,,0,,0,0,0,0,0,1,0,0,0,0,0,,0.00014986584,0.1493412,0,,0,0,0,0,0,0,0,0,0
Sharkiya,Generic,11/10/2013,2013,314,2013,15,28.18,15.330001,85.2952,38.880833,0,0,15.34,353.6133,1,9.873283,0.00019189477,,0.19225329,,0,,0,0,0,0,0,1,0,0,0,0,0,,0.00019189477,0.19225329,0,,0,0,0,0,0,0,0,0,0
Sharkiya,Generic,11/11/2013,2013,315,2013,16,29.17,15.61,82.39583,36.10567,0,0,15.66,377.25815,1,10.533474,0.0002465434,,0.2493093,,0,,0,0,0,0,0,1,0,0,0,0,0,,0.0002465434,0.2493093,0,,0,0,0,0,0,0,0,0,0
Sharkiya,Generic,11/12/2013,2013,316,2013,17,30.32,16.43,80.02388,34.585155,0,0.02,15.74,401.20282,1,11.202037,0.000317758,,0.32415897,,0,,0,0,0,0,0,1,0,0,0,0,0,,0.000317758,0.32415897,0,,0,0,0,0,0,0,0,0,0
Sharkiya,Generic,11/13/2013,2013,317,2013,18,29.31,16.47,83.8552,38.506596,0,0,15.04,425.0311,1,11.867349,0.00040903038,,0.41577595,,0,,0,0,0,0,0,1,0,0,0,0,0,,0.00040903038,0.41577595,0,,0,0,0,0,0,0,0,0,0
Sharkiya,Generic,11/14/2013,2013,318,2013,19,28.37,13.72,80.899956,32.868767,0,0,15.960001,447.88965,1,12.505585,0.00052112364,,0.5345995,,0,,0,0,0,0,0,1,0,0,0,0,0,,0.00052112364,0.5345995,0,,0,0,0,0,0,0,0,0,0
Sharkiya,Generic,11/15/2013,2013,319,2013,20,28.94,13.140001,77.61125,29.375422,0,0,16.47,470.74454,1,13.14372,0.00066388963,,0.6907879,,0,,0,0,0,0,0,1,0,0,0,0,0,,0.00066388963,0.6907879,0,,0,0,0,0,0,0,0,0,0
Sharkiya,Generic,11/16/2013,2013,320,2013,21,27.16,15.41,89.05948,43.31206,0,0.01,14.110001,493.7727,1,13.786693,0.00084728835,,0.862855,,0,,0,0,0,0,0,1,0,0,0,0,0,,0.00084728835,0.862855,0,,0,0,0,0,0,0,0,0,0
Sharkiya,Generic,11/17/2013,2013,321,2013,22,25.48,14.53,92.55621,46.96767,3,0.33,13.54,515.7636,1,14.400702,0.0010694839,,1.0618837,,0,,0,0,0,0,0,1,0,0,0,0,0,,0.0010694839,1.0618837,0,,0,0,0,0,0,0,0,0,0
Sharkiya,Generic,11/18/2013,2013,322,2013,23,24.21,15.099999,98.02077,55.666073,7,0.38,12.28,537.4176,1,15.005307,0.0013450647,,1.2854261,,0,,0,0,0,0,0,1,0,0,0,0,0,,0.0013450647,1.2854261,0,,0,0,0,0,0,0,0,0,0
Sharkiya,Generic,11/19/2013,2013,323,2013,24,25.76,14.17,90.760735,44.254787,1,0.03,13.77,559.3711,1,15.618274,0.0016969047,,1.6060343,,0,,0,0,0,0,0,1,0,0,0,0,0,,0.0016969047,1.6060343,0,,0,0,0,0,0,0,0,0,0
Sharkiya,Generic,11/20/2013,2013,324,2013,25,27.05,14.170001,86.473526,39.07458,0,0,14.43,581.89215,1,16.247086,0.0021534725,,2.0434299,,0,,0,0,0,0,0,1,0,0,0,0,0,,0.0021534725,2.0434299,0,,0,0,0,0,0,0,0,0,0
Sharkiya,Generic,11/21/2013,2013,325,2013,26,26.779999,12.749999,84.0057,35.158722,0,0,14.98,603.6543,1,16.854712,0.0027107103,,2.5957327,,0,,0,0,0,0,0,1,0,0,0,0,0,,0.0027107103,2.5957327,0,,0,0,0,0,0,0,0,0,0
Sharkiya,Generic,11/22/2013,2013,326,2013,27,29.67,14.95,79.09462,32.276085,0,0,15.26,627.26404,1,17.513922,0.0034788917,,3.379102,,0,,0,0,0,0,0,1,0,0,0,0,0,,0.0034788917,3.379102,0,,0,0,0,0,0,0,0,0,0
Sharkiya,Generic,11/23/2013,2013,327,2013,28,25.47,15.08,93.95064,49.425354,3,0,12.75,649.49994,1,18.134773,0.0043995385,,4.1586666,,0,,0,0,0,0,0,1,0,0,0,0,0,,0.0043995385,4.1586666,0,,0,0,0,0,0,0,0,0,0
Sharkiya,Generic,11/24/2013,2013,328,2013,29,25.19,14.17,92.59825,46.705826,3,0,13.07,671.1787,1,18.740068,0.005529889,,5.1379466,,0,,0,0,0,0,0,1,0,0,0,0,0,,0.005529889,5.1379466,0,,0,0,0,0,0,0,0,0,0
Sharkiya,Generic,11/25/2013,2013,329,2013,30,31.669998,14.069999,69.96977,24.06045,0,0,16.43,695.00085,1,19.40521,0.007107178,,6.876531,,0,,0,0,0,0,0,1,0,0,0,0,0,,0.007107178,6.876531,0,,0,0,0,0,0,0,0,0,0
Sharkiya,Generic,11/26/2013,2013,330,2013,31,34.75,18.67,67.81491,26.297184,0,0,15.63,717.8435,1,20.043001,0.009036773,,8.893032,,0,,0,0,0,0,0,1,0,0,0,0,0,,0.009036773,8.893032,0,,0,0,0,0,0,0,0,0,0
Sharkiya,Generic,11/27/2013,2013,331,2013,32,28.34,18,91.020164,48.706306,3,0,12.47,741.7466,1,20.710403,0.011612502,,11.056378,,0,,0,0,0,0,0,1,0,0,0,0,0,,0.011612502,11.056378,0,,0,0,0,0,0,0,0,0,0
Sharkiya,Generic,11/28/2013,2013,332,2013,33,26.08,14.890001,91.469444,45.847054,3,0,12.92,764.16376,1,21.336315,0.01468173,,13.714043,,0,,0,0,0,0,0,1,0,0,0,0,0,,0.01468173,13.714043,0,,0,0,0,0,0,0,0,0,0
Sharkiya,Generic,11/29/2013,2013,333,2013,34,22.64,12.470001,95.905945,50.46947,5,0,12.26,783.40247,1,21.873484,0.017943475,,16.35921,,0,,0,0,0,0,0,1,0,0,0,0,0,,0.017943475,16.35921,0,,0,0,0,0,0,0,0,0,0
Sharkiya,Generic,11/30/2013,2013,334,2013,35,22.02,10.07,91.42682,42.613297,3,0,13.23,800.5817,1,22.353148,0.021450678,,19.4063,,0,,0,0,0,0,0,1,0,0,0,0,0,,0.021450678,19.4063,0,,0,0,0,0,0,0,0,0,0
Sharkiya,Generic,12/1/2013,2013,335,2013,36,28.96,14.82,81.345276,34.29494,0,0,14.34,823.9822,1,23.006514,0.027324675,,25.137005,,0,,0,0,0,0,0,1,0,0,0,0,0,,0.027324675,25.137005,0,,0,0,0,0,0,0,0,0,0
Sharkiya,Generic,12/2/2013,2013,336,2013,37,32.73,20.15,78.854004,37.53355,0,0,13.470001,847.0517,1,23.650642,0.034632593,,31.863222,,0,,0,0,0,0,0,1,0,0,0,0,0,,0.034632593,31.863222,0,,0,0,0,0,0,0,0,0,0
Sharkiya,Generic,12/3/2013,2013,337,2013,38,26.25,16.82,95.64251,53.69302,5,0.29,11.62,870.2435,1,24.298183,0.043861322,,39.25081,,0,,0,0,0,0,0,1,0,0,0,0,0,,0.043861322,39.25081,0,,0,0,0,0,0,0,0,0,0
Sharkiya,Generic,12/4/2013,2013,338,2013,39,25.560001,13.4800005,89.71773,42.327843,0,0.06,13.11,891.762,1,24.899004,0.05448704,,48.857807,,0,,0,0,0,0,0,1,0,0,0,0,0,,0.05448704,48.857807,0,,0,0,0,0,0,0,0,0,0
Sharkiya,Generic,12/5/2013,2013,339,2013,40,20.91,12.040001,99.28868,56.45479,7,0.37,11.19,909.5488,1,25.395632,0.06505729,,56.950718,,0,,0,0,0,0,0,1,0,0,0,0,0,,0.06505729,56.950718,0,,0,0,0,0,0,0,0,0,0
Sharkiya,Generic,12/6/2013,2013,340,2013,41,21.29,12.55,99.68184,57.259315,7,0.10000001,11.08,927.94775,1,25.90935,0.07797526,,66.88576,,0,,0,0,0,0,0,1,0,0,0,0,0,,0.07797526,66.88576,0,,0,0,0,0,0,0,0,0,0
Sharkiya,Generic,12/7/2013,2013,341,2013,42,22.68,10.510001,90.814995,41.875523,1,0,13.03,945.9014,1,26.410637,0.09280442,,80.454704,,0,,0,0,0,0,0,1,0,0,0,0,0,,0.09280442,80.454704,0,,0,0,0,0,0,0,0,0,0
Sharkiya,Generic,12/8/2013,2013,342,2013,43,22.27,10.84,92.73716,44.814808,3,1.04,12.6,963.7996,1,26.910378,0.11005932,,95.96737,,0,,0,0,0,0,0,1,0,0,0,0,0,,0.11005932,95.96737,0,,0,0,0,0,0,0,0,0,0
Sharkiya,Generic,12/9/2013,2013,343,2013,44,20.51,8.780001,91.75559,43.01677,3,0.06,12.73,978.9158,1,27.332434,0.1267619,,111.212776,,0,,0,0,0,0,0,1,0,0,0,0,0,,0.1267619,111.212776,0,,0,0,0,0,0,0,0,0,0
Sharkiya,Generic,12/10/2013,2013,344,2013,45,20.36,8.46,91.26737,42.260303,3,0.12,12.79,993.6762,1,27.744564,0.1451162,,128.3352,,0,,0,0,0,0,0,1,0,0,0,0,0,,0.1451162,128.3352,0,,0,0,0,0,0,0,0,0,0
Sharkiya,Generic,12/11/2013,2013,345,2013,46,16.34,8.27,98.0567,57.676212,7,2.29,10.51,1005.2038,1,28.066427,0.16094232,,140.52206,,0,,0,0,0,0,0,1,0,0,0,0,0,,0.16094232,140.52206,0,,0,0,0,0,0,0,0,0,0
Sharkiya,Generic,12/12/2013,2013,346,2013,47,12.34,6.0200005,95.635864,62.459732,5,1.74,9.29,1012.1245,1,28.259663,0.17109723,,147.39735,,0,,0,0,0,0,0,1,0,0,0,0,0,,0.17109723,147.39735,0,,0,0,0,0,0,0,0,0,0
Sharkiya,Generic,12/13/2013,2013,347,2013,48,12.42,6.17,96.005104,63.021935,7,1.2,9.22,1019.20416,1,28.457333,0.18200478,,154.82248,,0,,0,0,0,0,0,1,0,0,0,0,0,,0.18200478,154.82248,0,,0,0,0,0,0,0,0,0,0
Sharkiya,Generic,12/14/2013,2013,348,2013,49,15.85,4.5399995,88.818726,41.682713,0,1.35,12.379999,1027.5623,1,28.690699,0.19556865,,167.47,,0,,0,0,0,0,0,1,0,0,0,0,0,,0.19556865,167.47,0,,0,0,0,0,0,0,0,0,0
Sharkiya,Generic,12/15/2013,2013,349,2013,50,17.98,5.6300006,88.58966,39.18744,0,0.07,12.93,1038.3243,1,28.99119,0.2141412,,186.09409,,0,,0,0,0,0,0,1,0,0,0,0,0,,0.2141412,186.09409,0,,0,0,0,0,0,0,0,0,0
Sharkiya,Generic,12/16/2013,2013,350,2013,51,18.25,6.09,89.31852,40.102097,0,0,12.809999,1049.6448,1,29.30727,0.23502703,,207.3955,,0,,0,0,0,0,0,1,0,0,0,0,0,,0.23502703,207.3955,0,,0,0,0,0,0,0,0,0,0
Sharkiya,Generic,12/17/2013,2013,351,2013,52,19.13,7.4499993,91.21759,42.55836,1,0,12.55,1062.6896,1,29.671494,0.26079136,,234.07959,,0,,0,0,0,0,0,1,0,0,0,0,0,,0.26079136,234.07959,0,,0,0,0,0,0,0,0,0,0
Sharkiya,Generic,12/18/2013,2013,352,2013,53,19.68,7.25,89.605896,39.85133,0,0,12.939999,1076.0038,1,30.043242,0.2889019,,265.18823,,0,,0,0,0,0,0,1,0,0,0,0,0,,0.2889019,265.18823,0,,0,0,0,0,0,0,0,0,0
Sharkiya,Generic,12/19/2013,2013,353,2013,54,19.97,6.42,86.89474,35.853638,0,0,13.5,1088.9021,1,30.40338,0.31777942,,299.7721,,0,,0,0,0,0,0,1,0,0,0,0,0,,0.31777942,299.7721,0,,0,0,0,0,0,0,0,0,0
Sharkiya,Generic,12/20/2013,2013,354,2013,55,20.47,9.120001,92.72105,44.58879,3,0,12.36,1104.2443,1,30.831749,0.35403213,,341.73126,,0,,0,0,0,0,0,1,0,0,0,0,0,,0.35403213,341.73126,0,,0,0,0,0,0,0,0,0,0
Sharkiya,Generic,12/21/2013,2013,355,2013,56,21.84,8.01,86.68605,35.548763,0,0,13.639999,1119.7814,1,31.265562,0.3925366,,393.72443,,0,,0,0,0,0,0,1,0,0,0,0,0,,0.3925366,393.72443,0,,0,0,0,0,0,0,0,0,0
Sharkiya,Generic,12/22/2013,2013,356,2013,57,21.91,8.610001,88.01698,37.434437,0,0,13.38,1135.8174,1,31.713306,0.43372396,,451.88733,,0,,0,0,0,0,0,1,0,0,0,0,0,,0.43372396,451.88733,0,,0,0,0,0,0,0,0,0,0
Sharkiya,Generic,12/23/2013,2013,357,2013,58,22.26,7.49,84.36259,32.54684,0,0,14.110001,1151.2797,1,32.14503,0.47433087,,516.566,,0,,0,0,0,0,0,1,0,0,0,0,0,,0.47433087,516.566,0,,0,0,0,0,0,0,0,0,0
Sharkiya,Generic,12/24/2013,2013,358,2013,59,23.78,4.49,73.36483,20.979683,0,0,16.14,1165.6215,1,32.545467,0.5123131,,590.6837,,0,,0,0,0,0,0,1,0,0,0,0,0,,0.5123131,590.6837,0,,0,0,0,0,0,0,0,0,0
Sharkiya,Generic,12/25/2013,2013,359,2013,60,24.48,8.18,80.16305,28.350204,0,0,14.85,1183.2051,1,33.036423,0.5586429,,681.8531,,0,,0,0,0,0,0,1,0,0,0,0,0,,0.5586429,681.8531,0,,0,0,0,0,0,0,0,0,0
Sharkiya,Generic,12/26/2013,2013,360,2013,61,21.75,6.8999996,84.14179,32.161118,0,0,14.190001,1197.8363,1,33.444942,0.5964641,,759.251,,0,,0,0,0,0,0,1,0,0,0,0,0,,0.5964641,759.251,0,,0,0,0,0,0,0,0,0,0
Sharkiya,Generic,12/27/2013,2013,361,2013,62,22.77,10.18,89.744606,40.259678,0,0,13.08,1215.6232,1,33.941574,0.64090675,,852.44354,,0,,0,0,0,0,0,1,0,0,0,0,0,,0.64090675,852.44354,0,,0,0,0,0,0,0,0,0,0
Sharkiya,Generic,12/28/2013,2013,362,2013,63,21.02,8.03,88.68094,38.292168,0,0,13.310001,1230.558,1,34.35857,0.67647463,,936.48785,,0,,0,0,0,0,0,1,0,0,0,0,0,,0.67647463,936.48785,0,,0,0,0,0,0,0,0,0,0
Sharkiya,Generic,12/29/2013,2013,363,2013,64,19.18,5.9599996,87.29286,36.647274,0,0,13.449999,1242.4932,1,34.691814,0.70352393,,1007.07227,,0,,0,0,0,0,0,1,0,0,0,0,0,,0.70352393,1007.07227,0,,0,0,0,0,0,0,0,0,0
Sharkiya,Generic,12/30/2013,2013,364,2013,65,19.66,9.560001,95.63484,49.80805,5,0.27,11.78,1257.5565,1,35.1124,0.7357148,,1088.6658,,0,,0,0,0,0,0,1,0,0,0,0,0,,0.7357148,1088.6658,0,,0,0,0,0,0,0,0,0,0
Sharkiya,Generic,12/31/2013,2013,365,2013,66,19.55,8.360001,92.736115,44.84484,3,0.10000001,12.43,1271.6232,1,35.505157,0.7636735,,1172.1201,,0,,0,0,0,0,0,1,0,0,0,0,0,,0.7636735,1172.1201,0,,0,0,0,0,0,0,0,0,0
Sharkiya,Generic,1/1/2014,2014,1,2013,67,20.46,8.610001,91.43073,42.505173,3,0,12.82,1286.5731,1,35.922577,0.7910724,,1266.8796,,0,,0,0,0,0,0,1,0,0,0,0,0,,0.7910724,1266.8796,0,,0,0,0,0,0,0,0,0,0
Sharkiya,Generic,1/2/2014,2014,2,2013,68,21.26,8.870001,90.25106,40.65043,1,0.01,13.14,1302.3195,1,36.362232,0.81732374,,1372.5732,,0,,0,0,0,0,0,1,0,0,0,0,0,,0.81732374,1372.5732,0,,0,0,0,0,0,0,0,0,0
Sharkiya,Generic,1/3/2014,2014,3,2013,69,20.56,9.140001,92.5692,44.329067,3,0.02,12.66,1317.7441,1,36.792908,0.84048325,,1475.1527,,0,,0,0,0,0,0,1,0,0,0,0,0,,0.84048325,1475.1527,0,,0,0,0,0,0,0,0,0,0
Sharkiya,Generic,1/4/2014,2014,4,2013,70,19.85,9.86,96.01357,50.424377,5,0.24,11.87,1333.1764,1,37.223793,0.8612148,,1573.7513,,0,,0,0,0,0,0,1,0,0,0,0,0,,0.8612148,1573.7513,0,,0,0,0,0,0,0,0,0,0
Sharkiya,Generic,1/5/2014,2014,5,2013,71,19.71,9.360001,95.00587,48.66814,5,0.32,12.130001,1348.1263,1,37.641212,0.8790955,,1673.3872,,0,,0,0,0,0,0,1,0,0,0,0,0,,0.8790955,1673.3872,0,,0,0,0,0,0,0,0,0,0
Sharkiya,Generic,1/6/2014,2014,6,2013,72,20.95,8.33,89.60371,39.657547,0,0.04,13.440001,1363.235,1,38.06306,0.8951115,,1786.988,,0,,0,0,0,0,0,1,0,0,0,0,0,,0.8951115,1786.988,0,,0,0,0,0,0,0,0,0,0
Sharkiya,Generic,1/7/2014,2014,7,2013,73,21.71,8.310001,87.75386,37.020653,0,0,13.9,1378.8993,1,38.500427,0.90971,,1910.7844,,0,,0,0,0,0,0,1,0,0,0,0,0,,0.90971,1910.7844,0,,0,0,0,0,0,0,0,0,0
Sharkiya,Generic,1/8/2014,2014,8,2013,74,22.15,6.8600006,83.08137,30.905216,0,0,14.9,1393.8038,1,38.91658,0.9218746,,2038.7388,,0,,0,0,0,0,0,1,0,0,0,0,0,,0.9218746,2038.7388,0,,0,0,0,0,0,0,0,0,0
Sharkiya,Generic,1/9/2014,2014,9,2013,75,16.21,8.71,99.41999,60.74939,7,2.57,10.48,1405.5697,1,39.245094,0.9303978,,2110.4412,,0,,0,0,0,0,0,1,0,0,0,0,0,,0.9303978,2110.4412,0,,0,0,0,0,0,0,0,0,0
Sharkiya,Generic,1/10/2014,2014,10,2013,76,19.92,6.83,88.03941,37.481083,0,0.21000001,13.9,1418.7454,1,39.612976,0.93891644,,2217.913,,0,,0,0,0,0,0,1,0,0,0,0,0,,0.93891644,2217.913,0,,0,0,0,0,0,0,0,0,0
Sharkiya,Generic,1/11/2014,2014,11,2013,77,20.3,7.8999996,89.96348,40.250328,0,0,13.59,1433.0337,1,40.01192,0.9470471,,2332.8484,,0,,0,0,0,0,0,1,0,0,0,0,0,,0.9470471,2332.8484,0,,0,0,0,0,0,0,0,0,0
Sharkiya,Generic,1/12/2014,2014,12,2013,78,21.52,8.220001,87.98577,37.323605,0,0,14.140001,1448.4884,1,40.443436,0.9546863,,2463.2407,,0,,0,0,0,0,0,1,0,0,0,0,0,,0.9546863,2463.2407,0,,0,0,0,0,0,0,0,0,0
Sharkiya,Generic,1/13/2014,2014,13,2013,79,19.96,10.51,97.47815,53.104187,5,0,11.97,1464.4874,1,40.890144,0.9614827,,2578.323,,0,,0,0,0,0,0,1,0,0,0,0,0,,0.9614827,2578.323,0,,0,0,0,0,0,0,0,0,0
Sharkiya,Generic,1/14/2014,2014,14,2013,80,22.83,9.030001,86.71702,35.878906,0,0,14.540001,1481.5018,1,41.365208,0.9676335,,2727.9365,,0,,0,0,0,0,0,1,0,0,0,0,0,,0.9676335,2727.9365,0,,0,0,0,0,0,0,0,0,0
Sharkiya,Generic,1/15/2014,2014,15,2013,81,22.21,8.700001,87.493,36.76049,0,0,14.460001,1497.8254,1,41.82098,0.9726356,,2871.4243,,0,,0,0,0,0,0,1,0,0,0,0,0,,0.9726356,2871.4243,0,,0,0,0,0,0,0,0,0,0
Sharkiya,Generic,1/16/2014,2014,16,2013,82,23.8,7.01,79.23492,26.948496,0,0,16.2,1514.0756,1,42.2747,0.97686553,,3032.1501,,0,,0,0,0,0,0,1,0,0,0,0,0,,0.97686553,3032.1501,0,,0,0,0,0,0,0,0,0,0
Sharkiya,Generic,1/17/2014,2014,17,2013,83,22.65,7.7899995,84.12157,32.349133,0,0,15.32,1530.0524,1,42.72079,0.9803992,,3182.1292,,0,,0,0,0,0,0,1,0,0,0,0,0,,0.9803992,3182.1292,0,,0,0,0,0,0,0,0,0,0
Sharkiya,Generic,1/18/2014,2014,18,2013,84,22.45,8.35,86.01345,34.780434,0,0,15.01,1546.295,1,43.174305,0.98344815,,3331.9841,,0,,0,0,0,0,0,1,0,0,0,0,0,,0.98344815,3331.9841,0,,0,0,0,0,0,0,0,0,0
Sharkiya,Generic,1/19/2014,2014,19,2013,85,23.82,8.59,82.97761,31.392014,0,0,15.690001,1563.7021,1,43.66033,0.98619854,,3500.3262,,0,,0,0,0,0,0,1,0,0,0,0,0,,0.98619854,3500.3262,0,,0,0,0,0,0,0,0,0,0
Sharkiya,Generic,1/20/2014,2014,20,2013,86,22.619999,10.0199995,89.741646,40.19379,0,0,14.35,1581.2717,1,44.150894,0.9885169,,3656.0935,,0,,0,0,0,0,0,1,0,0,0,0,0,,0.9885169,3656.0935,0,,0,0,0,0,0,0,0,0,0
Sharkiya,Generic,1/21/2014,2014,21,2013,87,24.030003,9.590001,84.82294,33.898613,0,0,15.450001,1599.5211,1,44.66044,0.99051756,,3830.6428,,0,,0,0,0,0,0,1,0,0,0,0,0,,0.99051756,3830.6428,0,,0,0,0,0,0,0,0,0,0
Sharkiya,Generic,1/22/2014,2014,22,2013,88,24.52,11.540001,88.17399,38.967663,0,0,14.74,1619.3585,1,45.21432,0.99230206,,4011.988,,0,,0,0,0,0,0,1,0,0,0,0,0,,0.99230206,4011.988,0,,0,0,0,0,0,0,0,0,0
Sharkiya,Generic,1/23/2014,2014,23,2013,89,23.009998,10.7699995,90.57665,41.653996,1,0,14.4,1637.7168,1,45.726906,0.9936547,,4176.164,,0,,0,0,0,0,0,1,0,0,0,0,0,,0.9936547,4176.164,0,,0,0,0,0,0,0,0,0,0
Sharkiya,Generic,1/24/2014,2014,24,2013,90,22.71,10.150001,89.82935,40.363544,0,0,14.68,1655.4408,1,46.22178,0.9947358,,4337.9253,,0,,0,0,0,0,0,1,0,0,0,0,0,,0.9947358,4337.9253,0,,0,0,0,0,0,0,0,0,0
Sharkiya,Generic,1/25/2014,2014,25,2013,91,27,8.07,72.53586,21.928007,0,0,18.14,1674.6537,1,46.758224,0.9957016,,4554.8154,,0,,0,0,0,0,0,1,0,0,0,0,0,,0.9957016,4554.8154,0,,0,0,0,0,0,0,0,0,0
Sharkiya,Generic,1/26/2014,2014,26,2013,92,23.66,10.630001,88.42169,38.735382,0,0.07,15.15,1693.355,1,47.280388,0.9964719,,4731.2686,,0,,0,0,0,0,0,1,0,0,0,0,0,,0.9964719,4731.2686,0,,0,0,0,0,0,0,0,0,0
Sharkiya,Generic,1/27/2014,2014,27,2013,93,20.3,8.52,91.55379,42.723713,3,0,14.5,1708.1154,1,47.692513,0.9969813,,4864.6313,,0,,0,0,0,0,0,1,0,0,0,0,0,,0.9969813,4864.6313,0,,0,0,0,0,0,0,0,0,0
Sharkiya,Generic,1/28/2014,2014,28,2013,94,20.06,8.530001,92.10213,43.651817,3,0,14.439999,1722.701,1,48.099762,0.99741274,,4995.9263,,0,,0,0,0,0,0,1,0,0,0,0,0,,0.99741274,4995.9263,0,,0,0,0,0,0,0,0,0,0
Sharkiya,Generic,1/29/2014,2014,29,2013,95,22.79,7.5499997,83.17592,31.19999,0,0,16.71,1738.6036,1,48.543777,0.9978131,,5161.6455,,0,,0,0,0,0,0,1,0,0,0,0,0,,0.9978131,5161.6455,0,,0,0,0,0,0,0,0,0,0
Sharkiya,Generic,1/30/2014,2014,30,2013,96,23.16,8.990001,85.74296,34.680565,0,0,16.23,1755.8258,1,49.024643,0.9981774,,5336.024,,0,,0,0,0,0,0,1,0,0,0,0,0,,0.9981774,5336.024,0,,0,0,0,0,0,0,0,0,0
Sharkiya,Generic,1/31/2014,2014,31,2013,97,21.1,9.870001,93.19041,45.339294,3,0,14.540001,1772.1935,1,49.481644,0.99846727,,5484.537,,0,,0,0,0,0,0,1,0,0,0,0,0,,0.99846727,5484.537,0,,0,0,0,0,0,0,0,0,0
Sharkiya,Generic,2/1/2014,2014,32,2013,98,20.85,11.210001,97.26149,52.54339,5,0.01,13.57,1789.3513,1,49.960712,0.9987218,,5629.8706,,0,,0,0,0,0,0,1,0,0,0,0,0,,0.9987218,5629.8706,0,,0,0,0,0,0,0,0,0,0
Sharkiya,Generic,2/2/2014,2014,33,2013,99,23.7,11.37,90.147125,41.381245,1,3.23,15.459999,1808.5642,1,50.497158,0.99895716,,5815.322,,0,,0,0,0,0,0,1,0,0,0,0,0,,0.99895716,5815.322,0,,0,0,0,0,0,0,0,0,0
Sharkiya,Generic,2/3/2014,2014,34,2013,100,21.39,9.17,90.70289,41.358547,24,6.1,15.5,1824.6299,1,50.94573,0.9991203,,5970.8203,,0,,0,0,0,0,0,1,0,0,0,0,0,,0.9991203,5970.8203,0,,0,0,0,0,0,0,0,0,0
Sharkiya,Generic,2/4/2014,2014,35,2013,101,19.91,9.12,93.95349,46.7734,3,3.86,14.67,1839.5496,1,51.362305,0.9992488,,6107.5117,,0,,0,0,0,0,0,1,0,0,0,0,0,,0.9992488,6107.5117,0,,0,0,0,0,0,0,0,0,0
Sharkiya,Generic,2/5/2014,2014,36,2013,102,20.18,8.05,90.60789,41.259487,1,0.24,15.67,1853.8608,1,51.76189,0.99935454,,6247.582,,0,,0,0,0,0,0,1,0,0,0,0,0,,0.99935454,6247.582,0,,0,0,0,0,0,0,0,0,0
Sharkiya,Generic,2/6/2014,2014,37,2013,103,18.25,7.4699993,92.90664,45.86196,3,1.3,14.88,1866.2428,1,52.10761,0.9994338,,6362.669,,0,,0,0,0,0,0,1,0,0,0,0,0,,0.9994338,6362.669,0,,0,0,0,0,0,0,0,0,0
Sharkiya,Generic,2/7/2014,2014,38,2013,104,20.19,6.3600006,86.28513,34.97571,0,0.02,16.97,1879.2644,1,52.471184,0.99950683,,6500.7114,,0,,0,0,0,0,0,1,0,0,0,0,0,0.05,0.99950683,6500.7114,0,,0,0,0,0,0,0,0,0,0
Sharkiya,Generic,2/8/2014,2014,39,2013,105,20.55,6.8099995,86.65065,35.43214,0,0,17.04,1892.9093,1,52.852165,0.9995732,,6645.9673,,0,,0,0,0,0,0,1,0,0,0,0,0,,0.9995732,6645.9673,0,,0,0,0,0,0,0,0,0,0
Sharkiya,Generic,2/9/2014,2014,40,2013,106,21.9,6.0500007,81.69455,29.181465,0,0,18.44,1907.0066,2,53.24578,0.9996325,,6808.3784,,0,,0,0,0,0,0,1,0,0,0,0,0,,0.9996325,6808.3784,0,,0,0,0,0,0,0,0,0,0
Sharkiya,Generic,2/10/2014,2014,41,2013,107,22.37,7.1299996,83.204124,31.110031,0,0,18.22,1922.281,2,53.67226,0.99968743,,6982.2617,,0,,0,0,0,0,0,1,0,0,0,0,0,,0.99968743,6982.2617,0,,0,0,0,0,0,0,0,0,0
Sharkiya,Generic,2/11/2014,2014,42,2013,108,23.19,6.3199997,79.17694,26.642933,0,0,19.31,1937.563,2,54.098953,0.9997341,,7166.647,,0,,0,0,0,0,0,1,0,0,0,0,0,,0.9997341,7166.647,0,,0,0,0,0,0,0,0,0,0
Sharkiya,Generic,2/12/2014,2014,43,2013,109,27.05,7.9900007,72.205505,21.646034,0,0.01,20.68,1956.7566,2,54.634857,0.9997259,,7414.656,,0,,0,0,0,0,0,0.9999918,0,0,0,0,0,,0.9997259,7414.656,0,,0,0,0,0,0,0,0,0,0
Sharkiya,Generic,2/13/2014,2014,44,2013,110,25.329998,8.479999,78.4431,26.912472,0,0,19.59,1975.1353,2,55.14801,0.99969375,,7639.6104,,0,,0,0,0,0,0,0.99995965,0,0,0,0,0,,0.99969375,7639.6104,0,,0,0,0,0,0,0,0,0,0
Sharkiya,Generic,2/14/2014,2014,45,2013,111,21.35,8.82,89.90938,40.13783,0,0.28,17.03,1990.9114,2,55.588497,0.9996631,,7807.471,,0,,0,0,0,0,0,0.999929,0,0,0,0,0,0.1,0.9996631,7807.471,0,,0,0,0,0,0,0,0,0,0
Sharkiya,Generic,2/15/2014,2014,46,2013,112,15.960001,8.510001,99.21541,60.77099,7,4.62,13.23,2002.3315,2,55.907364,0.99963903,,7901.867,,0,,0,0,0,0,0,0.99990493,0,0,0,0,0,,0.99963903,7901.867,0,,0,0,0,0,0,0,0,0,0
Sharkiya,Generic,2/16/2014,2014,47,2013,113,20.58,9.390001,93.16844,45.317726,3,0.76,16.33,2017.9585,2,56.34368,0.9996032,,8061.2964,,0,,0,0,0,0,0,0.99986905,0,0,0,0,0,,0.9996032,8061.2964,0,,0,0,0,0,0,0,0,0,0
Sharkiya,Generic,2/17/2014,2014,48,2013,114,21.93,9.200001,89.452095,39.54332,0,0,17.55,2034.4434,2,56.80396,0.9995616,,8242.035,,0,,0,0,0,0,0,0.99982744,0,0,0,0,0,,0.9995616,8242.035,0,,0,0,0,0,0,0,0,0,0
Sharkiya,Generic,2/18/2014,2014,49,2013,115,22.74,8.120001,84.7028,33.13115,0,0,18.96,2050.7302,2,57.25871,0.99951637,,8434.941,,0,,0,0,0,0,0,0.9997822,0,0,0,0,0,,0.99951637,8434.941,0,,0,0,0,0,0,0,0,0,0
Sharkiya,Generic,2/19/2014,2014,50,2013,116,24.76,7.3099995,77.32661,25.344276,0,0.03,20.87,2067.8953,2,57.737976,0.9994635,,8658.717,,0,,0,0,0,0,0,0.99972934,0,0,0,0,0,,0.9994635,8658.717,0,,0,0,0,0,0,0,0,0,0
Sharkiya,Generic,2/20/2014,2014,51,2013,117,27.68,7.59,69.40704,19.513996,0,0,22.56,2087.2366,2,58.278008,0.9993969,,8931.267,,0,,0,0,0,0,0,0.9996627,0,0,0,0,0,,0.9993969,8931.267,0,,0,0,0,0,0,0,0,0,0
Sharkiya,Generic,2/21/2014,2014,52,2013,118,29.21,8.880001,67.39997,18.925177,0,0,22.86,2108.2546,2,58.864857,0.99931526,,9231.358,,0,,0,0,0,0,0,0.99958104,0,0,0,0,0,0.2,0.99931526,9231.358,0,,0,0,0,0,0,0,0,0,0
Sharkiya,Generic,2/22/2014,2014,53,2013,119,25.61,10.830001,83.16084,32.85647,0,0,19.64,2128.3237,2,59.425205,0.9992269,,9477.516,,0,,0,0,0,0,0,0.9994927,0,0,0,0,0,,0.9992269,9477.516,0,,0,0,0,0,0,0,0,0,0
Sharkiya,Generic,2/23/2014,2014,54,2013,120,24.13,11.01,88.01616,38.443146,0,0,18.65,2147.5818,2,59.96291,0.9991316,,9701.797,,0,,0,0,0,0,0,0.99939734,0,0,0,0,0,,0.9991316,9701.797,0,,0,0,0,0,0,0,0,0,0
Sharkiya,Generic,2/24/2014,2014,55,2013,121,23.45,10.509999,88.71252,39.04426,0,0,18.66,2166.0618,2,60.478897,0.99902904,,9917.111,,0,,0,0,0,0,0,0.99929476,0,0,0,0,0,,0.99902904,9917.111,0,,0,0,0,0,0,0,0,0,0
Sharkiya,Generic,2/25/2014,2014,56,2013,122,22.65,9.11,87.38711,36.7508,0,0,19.23,2183.0042,2,60.951942,0.9989243,,10120.519,,0,,0,0,0,0,0,0.99919,0,0,0,0,0,,0.9989243,10120.519,0,,0,0,0,0,0,0,0,0,0
Sharkiya,Generic,2/26/2014,2014,57,2013,123,23,9.130001,86.51523,35.668545,0,0,19.61,2200.212,2,61.432404,0.9988066,,10331.171,,0,,0,0,0,0,0,0.99907225,0,0,0,0,0,,0.9988066,10331.171,0,,0,0,0,0,0,0,0,0,0
Sharkiya,Generic,2/27/2014,2014,58,2013,124,22.11,8.53,87.31924,36.48924,0,0,19.54,2216.3367,2,61.882626,0.99868447,,10527.835,,0,,0,0,0,0,0,0.99895006,0,0,0,0,0,,0.99868447,10527.835,0,,0,0,0,0,0,0,0,0,0
Sharkiya,Generic,2/28/2014,2014,59,2013,125,22.96,7.7199993,83.15411,31.232431,0,0,20.86,2232.491,2,62.33367,0.99854964,,10738.141,,0,,0,0,0,0,0,0.99881524,0,0,0,0,0,,0.99854964,10738.141,0,,0,0,0,0,0,0,0,0,0
Sharkiya,Generic,3/1/2014,2014,60,2013,126,29.809998,9.069999,65.86878,18.097094,0,0,24.51,2253.9277,2,62.932213,0.9983493,,11065.982,,0,,0,0,0,0,0,0.99861485,0,0,0,0,0,0.3,0.9983493,11065.982,0,,0,0,0,0,0,0,0,0,0
Sharkiya,Generic,3/2/2014,2014,61,2013,127,23.01,13.4,97.2539,53.183174,5,0,16.81,2273.9788,2,63.492058,0.9981369,,11276.25,,0,,0,0,0,0,0,0.99840236,0,0,0,0,0,,0.9981369,11276.25,0,,0,0,0,0,0,0,0,0,0
Sharkiya,Generic,3/3/2014,2014,62,2013,128,25.67,10.45,82.07374,31.504015,0,0,21.3,2293.853,2,64.046974,0.99789953,,11540.2705,,0,,0,0,0,0,0,0.99816495,0,0,0,0,0,,0.99789953,11540.2705,0,,0,0,0,0,0,0,0,0,0
Sharkiya,Generic,3/4/2014,2014,63,2013,129,25.32,10.419999,83.06325,32.488514,0,0,21.23,2313.4917,2,64.59531,0.99763525,,11800.236,,0,,0,0,0,0,0,0.9979006,0,0,0,0,0,,0.99763525,11800.236,0,,0,0,0,0,0,0,0,0,0
Sharkiya,Generic,3/5/2014,2014,64,2013,130,30.46,11.459999,68.72718,21.341011,0,0,24.150002,2336.2874,2,65.23178,0.9972867,,12143.374,,0,,0,0,0,0,0,0.9975519,0,0,0,0,0,,0.9972867,12143.374,0,,0,0,0,0,0,0,0,0,0
Sharkiya,Generic,3/6/2014,2014,65,2013,131,28.5,11.970001,76.4842,27.502382,0,0.02,22.68,2358.4878,2,65.85165,0.9968982,,12457.089,,0,,0,0,0,0,0,0.9971633,0,0,0,0,0,,0.9968982,12457.089,0,,0,0,0,0,0,0,0,0,0
Sharkiya,Generic,3/7/2014,2014,66,2013,132,33.86,12.349999,58.799828,15.976195,0,0.09,26.06,2382.3752,2,66.51861,0.9964179,,12844.764,,0,,0,0,0,0,0,0.9966829,0,0,0,0,0,0.4,0.9964179,12844.764,0,,0,0,0,0,0,0,0,0,0
Sharkiya,Generic,3/8/2014,2014,67,2013,133,27.97,12.81,80.17921,31.421284,0,0.14,22.03,2404.7114,2,67.14226,0.995902,,13151.045,,0,,0,0,0,0,0,0.9961669,0,0,0,0,0,,0.995902,13151.045,0,,0,0,0,0,0,0,0,0,0
Sharkiya,Generic,3/9/2014,2014,68,2013,134,24.43,11.610001,88.61365,39.55618,0,0.14,20.4,2424.5366,2,67.6958,0.99538237,,13402.647,,0,,0,0,0,0,0,0.99564713,0,0,0,0,0,,0.99538237,13402.647,0,,0,0,0,0,0,0,0,0,0
Sharkiya,Generic,3/10/2014,2014,69,2013,135,23.6,9.54,85.90015,35.1105,0,0,21.51,2442.4556,2,68.19612,0.9948567,,13642.307,,0,,0,0,0,0,0,0.9951213,0,0,0,0,0,,0.9948567,13642.307,0,,0,0,0,0,0,0,0,0,0
Sharkiya,Generic,3/11/2014,2014,70,2013,136,23.6,9.86,86.68718,36.201435,0,0.16,21.41,2460.5955,2,68.70261,0.9942638,,13883.647,,0,,0,0,0,0,0,0.9945283,0,0,0,0,0,,0.9942638,13883.647,0,,0,0,0,0,0,0,0,0,0
Sharkiya,Generic,3/12/2014,2014,71,2013,137,20.45,9.78,94.47385,47.55235,5,1.81,18.99,2476.4163,2,69.14435,0.9936917,,14070.236,,0,,0,0,0,0,0,0.99395597,0,0,0,0,0,,0.9936917,14070.236,0,,0,0,0,0,0,0,0,0,0
Sharkiya,Generic,3/13/2014,2014,72,2013,138,19.89,9.89,96.00539,50.396454,5,2.07,18.51,2491.901,2,69.57669,0.9930767,,14248.135,,0,,0,0,0,0,0,0.9933408,0,0,0,0,0,,0.9930767,14248.135,0,,0,0,0,0,0,0,0,0,0
Sharkiya,Generic,3/14/2014,2014,73,2013,139,20.95,7.8600006,88.41112,37.89914,0,0.06,21.32,2506.6538,2,69.98861,0.9924355,,14443.2295,,0,,0,0,0,0,0,0.99269944,0,0,0,0,0,0.6,0.9924355,14443.2295,0,,0,0,0,0,0,0,0,0,0
Sharkiya,Generic,3/15/2014,2014,74,2013,140,22.79,6.8699994,81.51885,29.187271,0,0,23.66,2522.0486,2,70.41845,0.99170375,,14668.99,,0,,0,0,0,0,0,0.9919675,0,0,0,0,0,,0.99170375,14668.99,0,,0,0,0,0,0,0,0,0,0
Sharkiya,Generic,3/16/2014,2014,75,2013,141,27.38,9.74,75.1139,24.858683,0,0.01,25.07,2542.5205,2,70.99005,0.99062073,,14986.75,,0,,0,0,0,0,0,0.9908842,0,0,0,0,0,,0.99062073,14986.75,0,,0,0,0,0,0,0,0,0,0
Sharkiya,Generic,3/17/2014,2014,76,2013,142,26.53,13.15,85.77629,37.39797,0,0,21.98,2564.3552,2,71.5997,0.9893111,,15283.498,,0,,0,0,0,0,0,0.9895742,0,0,0,0,0,,0.9893111,15283.498,0,,0,0,0,0,0,0,0,0,0
Sharkiya,Generic,3/18/2014,2014,77,2013,143,22.25,11.700001,94.98707,48.653996,5,0.42000002,19.64,2582.8286,2,72.11549,0.98806286,,15507.552,,0,,0,0,0,0,0,0.98832566,0,0,0,0,0,,0.98806286,15507.552,0,,0,0,0,0,0,0,0,0,0
Sharkiya,Generic,3/19/2014,2014,78,2013,144,26.399998,11.0199995,81.154236,30.988216,0,0,23.86,2603.4731,2,72.69191,0.9864971,,15811.255,,0,,0,0,0,0,0,0.9867595,0,0,0,0,0,,0.9864971,15811.255,0,,0,0,0,0,0,0,0,0,0
Sharkiya,Generic,3/20/2014,2014,79,2013,145,27.42,9.890001,75.32619,25.122047,0,0.03,25.63,2624.0547,2,73.26657,0.9847349,,16135.912,,0,,0,0,0,0,0,0.9849968,0,0,0,0,0,,0.9847349,16135.912,0,,0,0,0,0,0,0,0,0,0
Sharkiya,Generic,3/21/2014,2014,80,2013,146,27.73,9.220001,72.844696,22.807665,0,0.01,26.5,2644.4272,2,73.835396,0.9827681,,16467.52,,0,,0,0,0,0,0,0.9830295,0,0,0,0,0,0.7,0.9827681,16467.52,0,,0,0,0,0,0,0,0,0,0
Sharkiya,Generic,3/22/2014,2014,81,2013,147,28.18,8.400001,69.62885,20.091017,0,0,27.56,2664.5806,2,74.3981,0.9805783,,16807.918,,0,,0,0,0,0,0,0.98083913,0,0,0,0,0,,0.9805783,16807.918,0,,0,0,0,0,0,0,0,0,0
Sharkiya,Generic,3/23/2014,2014,82,2013,148,24.14,11.260001,88.603676,39.323513,0,0,22.37,2684.005,2,74.94045,0.9782105,,17073.576,,0,,0,0,0,0,0,0.9784707,0,0,0,0,0,,0.9782105,17073.576,0,,0,0,0,0,0,0,0,0,0
Sharkiya,Generic,3/24/2014,2014,83,2013,149,27.99,9.210001,72.00163,22.189268,0,0,27.169998,2704.523,2,75.513336,0.9754031,,17413.43,,0,,0,0,0,0,0,0.97566247,0,0,0,0,0,,0.9754031,17413.43,0,,0,0,0,0,0,0,0,0,0
Sharkiya,Generic,3/25/2014,2014,84,2013,150,27.83,10.390001,75.14184,25.299105,0,0,26.34,2725.6116,2,76.10216,0.97215086,,17750.934,,0,,0,0,0,0,0,0.9724094,0,0,0,0,0,,0.97215086,17750.934,0,,0,0,0,0,0,0,0,0,0
Sharkiya,Generic,3/26/2014,2014,85,2013,151,29.670002,11.090001,70.61331,22.38822,0,0,27.34,2747.9392,2,76.72557,0.96825314,,18120.344,,0,,0,0,0,0,0,0.9685106,0,0,0,0,0,,0.96825314,18120.344,0,,0,0,0,0,0,0,0,0,0
Sharkiya,Generic,3/27/2014,2014,86,2013,152,30.77,11.439999,67.628136,20.603487,0,0,28.04,2770.8413,2,77.36502,0.9637088,,18507.137,,0,,0,0,0,0,0,0.9639651,0,0,0,0,0,,0.9637088,18507.137,0,,0,0,0,0,0,0,0,0,0
Sharkiya,Generic,3/28/2014,2014,87,2013,153,32.01,9.5,59.552486,14.85562,0,0,30.43,2793.479,2,77.99709,0.9586053,,18919.855,,0,,0,0,0,0,0,0.9588603,0,0,0,0,0,,0.9586053,18919.855,0,,0,0,0,0,0,0,0,0,0
Sharkiya,Generic,3/29/2014,2014,88,2013,154,29.34,13.100001,76.13514,28.084576,0,0,25.989998,2816.4624,2,78.63882,0.9527252,,19275.543,,0,,0,0,0,0,0,0.95297855,0,0,0,0,0,,0.9527252,19275.543,0,,0,0,0,0,0,0,0,0,0
Sharkiya,Generic,3/30/2014,2014,89,2013,155,27.29,10.369999,76.828674,26.661423,0,0,26.670002,2837.2427,2,79.219025,0.94673276,,19603.473,,0,,0,0,0,0,0,0.9469845,0,0,0,0,0,,0.94673276,19603.473,0,,0,0,0,0,0,0,0,0,0
Sharkiya,Generic,3/31/2014,2014,90,2013,156,26.62,10.74,79.806305,29.526016,0,0,25.98,2857.8528,2,79.79448,0.9400865,,19918.08,,0,,0,0,0,0,0,0.9403365,0,0,0,0,0,,0.9400865,19918.08,0,,0,0,0,0,0,0,0,0,0
Sharkiya,Generic,4/1/2014,2014,91,2013,157,27.600002,11.2300005,77.7903,28.070778,0,0,26.510002,2879.2637,2,80.392296,0.9323652,1,20248.84,,0,,0,0,0,0,0,0.93261313,0,0,0,0,0,0.7,0.9323652,20248.84,0,,0,0,0,0,0,0,0,0,0
Sharkiya,Generic,4/2/2014,2014,92,2013,158,25.88,10.74,82.11658,31.738033,0,0,25.63,2899.441,2,80.955666,0.9242535,,20547.572,,0,,0,0,0,0,0,0.92449933,0,0,0,0,0,,0.9242535,20547.572,0,,0,0,0,0,0,0,0,0,0
Sharkiya,Generic,4/3/2014,2014,93,2013,159,27.37,10.83,77.62221,27.64543,0,0,26.92,2920.5188,2,81.54418,0.9148339,,20872.006,,0,,0,0,0,0,0,0.9150772,0,0,0,0,0,,0.9148339,20872.006,0,,0,0,0,0,0,0,0,0,0
Sharkiya,Generic,4/4/2014,2014,94,2013,160,28.83,11.42,74.15128,25.224554,0,0,27.759998,2942.62,2,82.161285,0.90382767,,21218.588,,0,,0,0,0,0,0,0.90406805,0,0,0,0,0,,0.90382767,21218.588,0,,0,0,0,0,0,0,0,0,0
Sharkiya,Generic,4/5/2014,2014,95,2013,161,31.89,10.610001,62.139164,16.810148,0,0,30.84,2965.6243,2,82.80358,0.8910387,,21613.68,,0,,0,0,0,0,0,0.8912757,0,0,0,0,0,,0.8910387,21613.68,0,,0,0,0,0,0,0,0,0,0
Sharkiya,Generic,4/6/2014,2014,96,2013,162,35.21,12.200001,53.904175,13.454225,0,0,32.22,2989.6118,2,83.47334,0.876137,,22036.896,,0,,0,0,0,0,0,0.8763701,0,0,0,0,0,,0.876137,22036.896,0,,0,0,0,0,0,0,0,0,0
Sharkiya,Generic,4/7/2014,2014,97,2013,163,29.989998,13.569999,74.89437,27.440283,0,0,27.35,3012.9507,2,84.124985,0.85999155,,22379.988,,0,,0,0,0,0,0,0.8602203,0,0,0,0,0,,0.85999155,22379.988,0,,0,0,0,0,0,0,0,0,0
Sharkiya,Generic,4/8/2014,2014,98,2013,164,32.69,13.740001,65.63191,20.852776,0,0,29.52,3036.8638,2,84.79267,0.8416587,,22751.326,,0,,0,0,0,0,0,0.8418826,0,0,0,0,0,,0.8416587,22751.326,0,,0,0,0,0,0,0,0,0,0
Sharkiya,Generic,4/9/2014,2014,99,2013,165,28,13.080001,80.69829,32.131966,0,0,26.309998,3059.327,2,85.41986,0.8227063,,23055.217,,0,,0,0,0,0,0,0.8229251,0,0,0,0,0,,0.8227063,23055.217,0,,0,0,0,0,0,0,0,0,0
Sharkiya,Generic,4/10/2014,2014,100,2013,166,28.15,12.460001,78.77099,29.85422,0,0,27.100002,3081.589,2,86.04145,0.80221176,,23357.705,,0,,0,0,0,0,0,0.80242515,0,0,0,0,0,,0.80221176,23357.705,0,,0,0,0,0,0,0,0,0,0
Sharkiya,Generic,4/11/2014,2014,101,2013,167,29.81,12.059999,72.23164,24.222462,0,0,28.95,3104.366,2,86.67741,0.77944726,,23678.93,,0,,0,0,0,0,0,0.77965456,0,0,0,0,0,,0.77944726,23678.93,0,,0,0,0,0,0,0,0,0,0
Sharkiya,Generic,4/12/2014,2014,102,2013,168,29.29,13.720001,77.69186,29.926863,0,0,27.23,3127.5388,2,87.324425,0.7544199,,23976.453,,0,,0,0,0,0,0,0.75462055,0,0,0,0,0,,0.7544199,23976.453,0,,0,0,0,0,0,0,0,0,0
Sharkiya,Generic,4/13/2014,2014,103,2013,169,28.64,12.830001,77.94543,29.4169,0,0,27.56,3150.1606,2,87.95605,0.72820526,,24260.207,,0,,0,0,0,0,0,0.7283989,0,0,0,0,0,,0.72820526,24260.207,0,,0,0,0,0,0,0,0,0,0
Sharkiya,Generic,4/14/2014,2014,104,2013,170,31.7,13.259999,68.176796,22.202871,0,0.02,29.880001,3173.843,2,88.61729,0.6989563,,24569.334,,0,,0,0,0,0,0,0.6991422,0,0,0,0,0,,0.6989563,24569.334,0,,0,0,0,0,0,0,0,0,0
Sharkiya,Generic,4/15/2014,2014,105,2013,171,30.009998,17.45,83.484436,39.18196,0,0.13,24.759998,3197.8325,2,89.2871,0.6675828,,24817.166,,0,,0,0,0,0,0,0.6677604,0,0,0,0,0,,0.6675828,24817.166,0,,0,0,0,0,0,0,0,0,0
Sharkiya,Generic,4/16/2014,2014,106,2013,172,31.55,14.389999,71.07482,25.122723,0,0,29.06,3221.6843,2,89.95307,0.63484174,,25092.184,,0,,0,0,0,0,0,0.6350106,0,0,0,0,0,,0.63484174,25092.184,0,,0,0,0,0,0,0,0,0,0
Sharkiya,Generic,4/17/2014,2014,107,2013,173,30.58,14.690001,75.23083,28.653101,0,0,28.07,3245.4268,2,90.61598,0.6009629,,25342.504,,0,,0,0,0,0,0,0.60112274,0,0,0,0,0,,0.6009629,25342.504,0,,0,0,0,0,0,0,0,0,0
Sharkiya,Generic,4/18/2014,2014,108,2013,174,36.28,16.05,57.105644,17.246147,0,0,31.8,3268.7004,2,91.26581,0.5667853,,25604.678,,0,,0,0,0,0,0,0.566936,0,0,0,0,0,,0.5667853,25604.678,0,,0,0,0,0,0,0,0,0,0
Sharkiya,Generic,4/19/2014,2014,109,2013,175,27.85,16.58,89.42379,45.00932,0,0,23.82,3292.2666,2,91.92381,0.5315198,,25791.156,,0,,0,0,0,0,0,0.53166115,0,0,0,0,0,,0.5315198,25791.156,0,,0,0,0,0,0,0,0,0,0
Sharkiya,Generic,4/20/2014,2014,110,2013,176,30.350002,15.090001,76.94191,30.468296,0,0,27.82,3316.0396,2,92.58757,0.49562407,,25996.023,,0,,0,0,0,0,0,0.4957559,0,0,0,0,0,,0.49562407,25996.023,0,,0,0,0,0,0,0,0,0,0
Sharkiya,Generic,4/21/2014,2014,111,2013,177,30.88,11.859999,68.12864,21.206558,0,0,31.170002,3339.125,2,93.23214,0.46080613,,26203.262,,0,,0,0,0,0,0,0.46092868,0,0,0,0,0,,0.46080613,26203.262,0,,0,0,0,0,0,0,0,0,0
Sharkiya,Generic,4/22/2014,2014,112,2013,178,34.32,13.950001,60.229324,17.707241,0,0,32.37,3363.1223,2,93.902176,0.42501846,,26409.607,,0,,0,0,0,0,0,0.42513156,0,0,0,0,0,,0.42501846,26409.607,0,,0,0,0,0,0,0,0,0,0
Sharkiya,Generic,4/23/2014,2014,113,2013,179,31.59,16.19,74.75615,29.59492,0,0,28.239998,3387.1206,2,94.57224,0.38999847,,26574.799,,0,,0,0,0,0,0,0.3901022,0,0,0,0,0,,0.38999847,26574.799,0,,0,0,0,0,0,0,0,0,0
Sharkiya,Generic,4/24/2014,2014,114,2013,180,39.27,16.490002,47.341484,12.501086,0,0,34.46,3408.663,2,95.17373,0.3594891,,26741.592,,0,,0,0,0,0,0,0.35958475,0,0,0,0,0,,0.3594891,26741.592,0,,0,0,0,0,0,0,0,0,0
Sharkiya,Generic,4/25/2014,2014,115,2013,181,35.11,17.56,64.26196,22.781767,0,0,30.35,3431.8137,2,95.820114,0.32792833,,26885.598,,0,,0,0,0,0,0,0.32801557,0,0,0,0,0,,0.32792833,26885.598,0,,0,0,0,0,0,0,0,0,0
Sharkiya,Generic,4/26/2014,2014,116,2013,182,32.29,15.380001,70.4434,25.45017,0,0,29.880001,3455.8098,2,96.49011,0.29678178,,27018.594,,0,,0,0,0,0,0,0.2968607,0,0,0,0,0,,0.29678178,27018.594,0,,0,0,0,0,0,0,0,0,0
Sharkiya,Generic,4/27/2014,2014,117,2013,183,34.05,12.790001,58.97538,16.319271,0,0,33.61,3479.7622,2,97.1589,0.26746824,,27153.17,,0,,0,0,0,0,0,0.26753938,0,0,0,0,0,,0.26746824,27153.17,0,,0,0,0,0,0,0,0,0,0
Sharkiya,Generic,4/28/2014,2014,118,2013,184,34.24,16.25,64.97112,22.245611,0,0,31.010002,3503.5288,2,97.82249,0.24026664,,27263.844,,0,,0,0,0,0,0,0.24033052,0,0,0,0,0,,0.24026664,27263.844,0,,0,0,0,0,0,0,0,0,0
Sharkiya,Generic,4/29/2014,2014,119,2013,185,35.12,15.259999,59.839916,18.314255,0,0,32.68,3527.316,2,98.48665,0.21499847,,27368.3,,0,,0,0,0,0,0,0.21505564,0,0,0,0,0,,0.21499847,27368.3,0,,0,0,0,0,0,0,0,0,0
Sharkiya,Generic,4/30/2014,2014,120,2013,186,35.43,16.440002,60.928623,19.767326,0,0,32.05,3550.7397,2,99.14067,0.19205774,,27458.416,,0,,0,0,0,0,0,0.19210881,0,0,0,0,0,,0.19205774,27458.416,0,,0,0,0,0,0,0,0,0,0
Sharkiya,Generic,5/1/2014,2014,121,2013,187,36.24,17.15,59.262108,19.23592,0,0,32.22,3573.5957,2,99.77883,0.17151892,0.3,27537.36,,0,7607.143,0,0,0,0,0,0.17156452,0,0,0,0,0,0.7,0.17151892,27537.36,0,3392.8572,0,0,0,0,0,0,0,0,0
Sharkiya,Generic,5/2/2014,2014,122,2013,188,34.31,15.549999,63.344185,20.658892,0,0,32.03,3597.4668,2,100,0.1519685,,27609.98,,0,,0,0,0,0,0,0.15200889,0,0,0,0,0,,0.1519685,27609.98,0,,0,0,0,0,0,0,0,0,0
Sharkiya,Generic,10/27/2014,2014,300,2014,1,30.920002,18.410002,82.17045,38.88714,0,0,16.73,23.934647,1,0.6682824,5.826395E-06,,0.0014581522,,0,,0,0,0,0,0,1,0,0,0,0,0,,5.826395E-06,0.0014581522,0,,0,0,0,0,0,0,0,0,0
Sharkiya,Generic,10/28/2014,2014,301,2014,2,29.29,17.59,86.51417,42.69851,0,0.16,16.06,47.890125,1,1.3371465,7.5107505E-06,,0.0032641357,,0,,0,0,0,0,0,1,0,0,0,0,0,,7.5107505E-06,0.0032641357,0,,0,0,0,0,0,0,0,0,0
Sharkiya,Generic,10/29/2014,2014,302,2014,3,29.04,15.989999,83.73947,37.88101,0,0.01,16.83,71.58667,1,1.9987808,9.655487E-06,,0.005670843,,0,,0,0,0,0,0,1,0,0,0,0,0,,9.655487E-06,0.005670843,0,,0,0,0,0,0,0,0,0,0
Sharkiya,Generic,10/30/2014,2014,303,2014,4,27.66,16.3,89.43453,44.71299,0,0.39,15.59,95.03543,1,2.6534967,1.2380098E-05,,0.008499434,,0,,0,0,0,0,0,1,0,0,0,0,0,,1.2380098E-05,0.008499434,0,,0,0,0,0,0,0,0,0,0
Sharkiya,Generic,10/31/2014,2014,304,2014,5,27.43,16.260002,90.15436,45.567055,1,0.87,15.35,118.410995,1,3.306169,1.5861235E-05,,0.012056464,,0,,0,0,0,0,0,1,0,0,0,0,0,,1.5861235E-05,0.012056464,0,,0,0,0,0,0,0,0,0,0
Sharkiya,Generic,11/1/2014,2014,305,2014,6,28,15.23,85.69672,39.222904,0,0.69,16.29,141.65228,1,3.955092,2.0292291E-05,,0.016858136,,0,,0,0,0,0,0,1,0,0,0,0,0,,2.0292291E-05,0.016858136,0,,0,0,0,0,0,0,0,0,0
Sharkiya,Generic,11/2/2014,2014,306,2014,7,30.11,18.720001,86.001686,43.466663,0,0.03,15.27,165.62703,1,4.6244936,2.616383E-05,,0.022844657,,0,,0,0,0,0,0,1,0,0,0,0,0,,2.616383E-05,0.022844657,0,,0,0,0,0,0,0,0,0,0
Sharkiya,Generic,11/3/2014,2014,307,2014,8,27.95,15.759999,87.121506,41.373867,0,0.21000001,15.690001,189.00816,1,5.2773213,3.352264E-05,,0.03053077,,0,,0,0,0,0,0,1,0,0,0,0,0,,3.352264E-05,0.03053077,0,,0,0,0,0,0,0,0,0,0
Sharkiya,Generic,11/4/2014,2014,308,2014,9,26.36,15.919999,93.048325,49.007523,3,0.06,14.42,211.9353,1,5.9174733,4.274486E-05,,0.03936318,,0,,0,0,0,0,0,1,0,0,0,0,0,,4.274486E-05,0.03936318,0,,0,0,0,0,0,0,0,0,0
Sharkiya,Generic,11/5/2014,2014,309,2014,10,26.76,14.870001,89.13344,42.864338,0,0.02,15.28,234.62013,1,6.5508595,5.4364227E-05,,0.05114065,,0,,0,0,0,0,0,1,0,0,0,0,0,,5.4364227E-05,0.05114065,0,,0,0,0,0,0,0,0,0,0
Sharkiya,Generic,11/6/2014,2014,310,2014,11,28.9,13.960001,79.601,31.85434,0,0,17,257.74487,1,7.1965284,6.946498E-05,,0.06820822,,0,,0,0,0,0,0,1,0,0,0,0,0,,6.946498E-05,0.06820822,0,,0,0,0,0,0,0,0,0,0
Sharkiya,Generic,11/7/2014,2014,311,2014,12,27.350002,14.590001,86.44814,39.43885,0,0,15.6,280.54797,1,7.833216,8.845791E-05,,0.087875076,,0,,0,0,0,0,0,1,0,0,0,0,0,,8.845791E-05,0.087875076,0,,0,0,0,0,0,0,0,0,0
Sharkiya,Generic,11/8/2014,2014,312,2014,13,32.45,14.829999,68.71815,23.748539,0,0,18.21,304.52945,1,8.502807,0.00011405884,,0.1190062,,0,,0,0,0,0,0,1,0,0,0,0,0,,0.00011405884,0.1190062,0,,0,0,0,0,0,0,0,0,0
Sharkiya,Generic,11/9/2014,2014,313,2014,14,29.79,14.44,77.52514,30.400864,0,0,16.88,328.04718,1,9.159448,0.00014634697,,0.15531665,,0,,0,0,0,0,0,1,0,0,0,0,0,,0.00014634697,0.15531665,0,,0,0,0,0,0,0,0,0,0
Sharkiya,Generic,11/10/2014,2014,314,2014,15,28.84,14.829999,81.79516,34.747463,0,0,16.02,351.41714,1,9.811964,0.00018747985,,0.19918542,,0,,0,0,0,0,0,1,0,0,0,0,0,,0.00018747985,0.19918542,0,,0,0,0,0,0,0,0,0,0
Sharkiya,Generic,11/11/2014,2014,315,2014,16,27.85,14.210001,83.831696,36.24159,0,0,15.699999,374.2647,1,10.449894,0.00023884485,,0.25273243,,0,,0,0,0,0,0,1,0,0,0,0,0,,0.00023884485,0.25273243,0,,0,0,0,0,0,0,0,0,0
Sharkiya,Generic,11/12/2014,2014,316,2014,17,27.91,14.950001,85.35547,38.571335,0,0,15.2,397.38943,1,11.095563,0.00030517313,,0.3197744,,0,,0,0,0,0,0,1,0,0,0,0,0,,0.00030517313,0.3197744,0,,0,0,0,0,0,0,0,0,0
Sharkiya,Generic,11/13/2014,2014,317,2014,18,28.99,14.140001,79.692665,32.097797,0,0,16.17,420.59998,1,11.743627,0.0003902689,,0.41132033,,0,,0,0,0,0,0,1,0,0,0,0,0,,0.0003902689,0.41132033,0,,0,0,0,0,0,0,0,0,0
Sharkiya,Generic,11/14/2014,2014,318,2014,19,28.5,14.810001,82.95428,35.89549,0,0,15.43,443.86548,1,12.393226,0.00049937196,,0.52336276,,0,,0,0,0,0,0,1,0,0,0,0,0,,0.00049937196,0.52336276,0,,0,0,0,0,0,0,0,0,0
Sharkiya,Generic,11/15/2014,2014,319,2014,20,26.93,14.169999,86.879166,39.53555,0,0.10000001,14.8,466.33704,1,13.020657,0.0006336044,,0.65506494,,0,,0,0,0,0,0,1,0,0,0,0,0,,0.0006336044,0.65506494,0,,0,0,0,0,0,0,0,0,0
Sharkiya,Generic,11/16/2014,2014,320,2014,21,25.64,14.260001,91.37175,45.133224,3,0.19,13.89,488.2764,1,13.633229,0.00079937105,,0.8073141,,0,,0,0,0,0,0,1,0,0,0,0,0,,0.00079937105,0.8073141,0,,0,0,0,0,0,0,0,0,0
Sharkiya,Generic,11/17/2014,2014,321,2014,22,26.17,14.04,89.10105,42.048077,0,0,14.25,510.3596,1,14.249817,0.001010001,,1.0059594,,0,,0,0,0,0,0,1,0,0,0,0,0,,0.001010001,1.0059594,0,,0,0,0,0,0,0,0,0,0
Sharkiya,Generic,11/18/2014,2014,322,2014,23,26.68,13.790001,86.8095,39.112675,0,0,14.61,532.56006,1,14.869679,0.0012776435,,1.2649605,,0,,0,0,0,0,0,1,0,0,0,0,0,,0.0012776435,1.2649605,0,,0,0,0,0,0,0,0,0,0
Sharkiya,Generic,11/19/2014,2014,323,2014,24,27.369999,14.5199995,86.21358,39.108555,0,0,14.5,555.3444,1,15.505844,0.0016261132,,1.6007254,,0,,0,0,0,0,0,1,0,0,0,0,0,,0.0016261132,1.6007254,0,,0,0,0,0,0,0,0,0,0
Sharkiya,Generic,11/20/2014,2014,324,2014,25,28.02,15.37,85.954956,39.650146,0,0,14.300001,578.6338,1,16.15611,0.0020805132,,2.033781,,0,,0,0,0,0,0,1,0,0,0,0,0,,0.0020805132,2.033781,0,,0,0,0,0,0,0,0,0,0
Sharkiya,Generic,11/21/2014,2014,325,2014,26,25.71,12.82,87.632675,39.249016,0,0,14.359999,599.8881,1,16.749556,0.0026048992,,2.5306857,,0,,0,0,0,0,0,1,0,0,0,0,0,,0.0026048992,2.5306857,0,,0,0,0,0,0,0,0,0,0
Sharkiya,Generic,11/22/2014,2014,326,2014,27,24.47,13.800001,93.93402,48.28716,3,0.24,12.99,621.0038,1,17.339128,0.0032562485,,3.0889142,,0,,0,0,0,0,0,1,0,0,0,0,0,,0.0032562485,3.0889142,0,,0,0,0,0,0,0,0,0,0
Sharkiya,Generic,11/23/2014,2014,327,2014,28,22.46,13.739999,99.679794,57.61989,7,0.32,11.68,640.92706,1,17.895409,0.0040188883,,3.6734216,,0,,0,0,0,0,0,1,0,0,0,0,0,,0.0040188883,3.6734216,0,,0,0,0,0,0,0,0,0,0
Sharkiya,Generic,11/24/2014,2014,328,2014,29,20.63,12.72,100,61.556316,7,1.79,11.07,658.9912,1,18.39978,0.00486295,,4.2812004,,0,,0,0,0,0,0,1,0,0,0,0,0,,0.00486295,4.2812004,0,,0,0,0,0,0,0,0,0,0
Sharkiya,Generic,11/25/2014,2014,329,2014,30,21.490002,10.910001,94.91546,48.328625,5,1,12.74,676.3912,1,18.885607,0.0058422037,,5.0906215,,0,,0,0,0,0,0,1,0,0,0,0,0,,0.0058422037,5.0906215,0,,0,0,0,0,0,0,0,0,0
Sharkiya,Generic,11/26/2014,2014,330,2014,31,21.4,12.140001,98.33182,54.612644,5,1.13,11.86,694.5858,1,19.393621,0.0070762006,,6.0449734,,0,,0,0,0,0,0,1,0,0,0,0,0,,0.0070762006,6.0449734,0,,0,0,0,0,0,0,0,0,0
Sharkiya,Generic,11/27/2014,2014,331,2014,32,20.3,11.610001,99.60654,57.160233,7,0.36,11.43,711.6361,1,19.869686,0.008466156,,7.0761766,,0,,0,0,0,0,0,1,0,0,0,0,0,,0.008466156,7.0761766,0,,0,0,0,0,0,0,0,0,0
Sharkiya,Generic,11/28/2014,2014,332,2014,33,23.45,11.5,91.18365,42.859695,1,0.04,13.35,730.7714,1,20.403965,0.010350313,,8.728708,,0,,0,0,0,0,0,1,0,0,0,0,0,,0.010350313,8.728708,0,,0,0,0,0,0,0,0,0,0
Sharkiya,Generic,11/29/2014,2014,333,2014,34,22.77,12.62,95.93055,50.581306,5,0.53,12.25,750.1894,1,20.946136,0.012685926,,10.614708,,0,,0,0,0,0,0,1,0,0,0,0,0,,0.012685926,10.614708,0,,0,0,0,0,0,0,0,0,0
Sharkiya,Generic,11/30/2014,2014,334,2014,35,24.44,12.620001,91.0815,43.42759,1,0.09,13.16,770.62634,1,21.516758,0.015706414,,13.254859,,0,,0,0,0,0,0,1,0,0,0,0,0,,0.015706414,13.254859,0,,0,0,0,0,0,0,0,0,0
Sharkiya,Generic,12/1/2014,2014,335,2014,36,25.65,12.49,87.02371,38.278023,0,0,13.83,791.67175,1,22.10437,0.019555215,,16.812168,,0,,0,0,0,0,0,1,0,0,0,0,0,,0.019555215,16.812168,0,,0,0,0,0,0,0,0,0,0
Sharkiya,Generic,12/2/2014,2014,336,2014,37,27.07,11.91,81.08614,31.57112,0,0,14.789999,813.1597,1,22.704338,0.024435421,,21.66576,,0,,0,0,0,0,0,1,0,0,0,0,0,,0.024435421,21.66576,0,,0,0,0,0,0,0,0,0,0
Sharkiya,Generic,12/3/2014,2014,337,2014,38,26.72,12.08,82.62145,33.20753,0,0,14.48,834.55524,1,23.301727,0.030466678,,27.565,,0,,0,0,0,0,0,1,0,0,0,0,0,,0.030466678,27.565,0,,0,0,0,0,0,0,0,0,0
Sharkiya,Generic,12/4/2014,2014,338,2014,39,29.79,13.84,76.19548,28.73998,0,0,15.059999,857.91394,1,23.953926,0.03869546,,36.07274,,0,,0,0,0,0,0,1,0,0,0,0,0,,0.03869546,36.07274,0,,0,0,0,0,0,0,0,0,0
Sharkiya,Generic,12/5/2014,2014,339,2014,40,29.2,15.21,81.37498,34.69461,0,0,14.060001,881.4753,1,24.611786,0.04913462,,46.245823,,0,,0,0,0,0,0,1,0,0,0,0,0,,0.04913462,46.245823,0,,0,0,0,0,0,0,0,0,0
Sharkiya,Generic,12/6/2014,2014,340,2014,41,27.28,13.86,84.959946,37.12212,0,0,13.73,903.96344,1,25.239681,0.061547406,,58.123013,,0,,0,0,0,0,0,1,0,0,0,0,0,,0.061547406,58.123013,0,,0,0,0,0,0,0,0,0,0
Sharkiya,Generic,12/7/2014,2014,341,2014,42,26.05,12.57,85.94454,37.112415,0,0,13.719999,925.26514,1,25.83445,0.07595517,,71.997154,,0,,0,0,0,0,0,1,0,0,0,0,0,,0.07595517,71.997154,0,,0,0,0,0,0,0,0,0,0
Sharkiya,Generic,12/8/2014,2014,342,2014,43,21.940002,12.500001,97.87137,53.851013,5,0,11.45,944.0661,1,26.359394,0.091179356,,84.26482,,0,,0,0,0,0,0,1,0,0,0,0,0,,0.091179356,84.26482,0,,0,0,0,0,0,0,0,0,0
Sharkiya,Generic,12/9/2014,2014,343,2014,44,22.37,11.65,94.53901,47.913662,5,0,12.17,962.5866,1,26.876507,0.10880616,,99.592514,,0,,0,0,0,0,0,1,0,0,0,0,0,,0.10880616,99.592514,0,,0,0,0,0,0,0,0,0,0
Sharkiya,Generic,12/10/2014,2014,344,2014,45,23.31,9.210001,85.88125,34.937675,0,0,13.93,980.0715,1,27.364704,0.1281242,,119.09659,,0,,0,0,0,0,0,1,0,0,0,0,0,,0.1281242,119.09659,0,,0,0,0,0,0,0,0,0,0
Sharkiya,Generic,12/11/2014,2014,345,2014,46,27.9,11.109999,76.53747,26.923794,0,0,15.16,1001.5747,1,27.9651,0.15581486,,150.84282,,0,,0,0,0,0,0,1,0,0,0,0,0,,0.15581486,150.84282,0,,0,0,0,0,0,0,0,0,0
Sharkiya,Generic,12/12/2014,2014,346,2014,47,20.81,11.210001,97.35727,52.724743,5,0.18,11.45,1018.70386,1,28.443363,0.18121654,,173.05646,,0,,0,0,0,0,0,1,0,0,0,0,0,,0.18121654,173.05646,0,,0,0,0,0,0,0,0,0,0
Sharkiya,Generic,12/13/2014,2014,347,2014,48,21.57,8.98,89.7843,39.975327,0,0,13.09,1034.7621,1,28.891727,0.20785515,,200.3637,,0,,0,0,0,0,0,1,0,0,0,0,0,,0.20785515,200.3637,0,,0,0,0,0,0,0,0,0,0
Sharkiya,Generic,12/14/2014,2014,348,2014,49,22.31,12.54,96.986275,52.311604,5,0.01,11.51,1053.8324,1,29.424194,0.24310161,,233.71404,,0,,0,0,0,0,0,1,0,0,0,0,0,,0.24310161,233.71404,0,,0,0,0,0,0,0,0,0,0
Sharkiya,Generic,12/15/2014,2014,349,2014,50,23.19,11.36,91.56259,43.315464,3,0,12.65,1072.706,1,29.951168,0.2817737,,275.76025,,0,,0,0,0,0,0,1,0,0,0,0,0,,0.2817737,275.76025,0,,0,0,0,0,0,0,0,0,0
Sharkiya,Generic,12/16/2014,2014,350,2014,51,23.2,10.23,88.70632,38.901268,0,0,13.23,1090.8253,1,30.457077,0.32221553,,324.0356,,0,,0,0,0,0,0,1,0,0,0,0,0,,0.32221553,324.0356,0,,0,0,0,0,0,0,0,0,0
Sharkiya,Generic,12/17/2014,2014,351,2014,52,20.85,10.36,95.050415,48.52518,5,0,11.89,1107.3687,1,30.918985,0.36164254,,368.4951,,0,,0,0,0,0,0,1,0,0,0,0,0,,0.36164254,368.4951,0,,0,0,0,0,0,0,0,0,0
Sharkiya,Generic,12/18/2014,2014,352,2014,53,20.64,11.5,98.521194,54.962337,7,0,11.09,1124.5836,1,31.399647,0.40473932,,416.78912,,0,,0,0,0,0,0,1,0,0,0,0,0,,0.40473932,416.78912,0,,0,0,0,0,0,0,0,0,0
Sharkiya,Generic,12/19/2014,2014,353,2014,54,22.61,12.48,96.01411,50.651722,5,0.02,11.67,1143.8094,1,31.936451,0.45463654,,480.54205,,0,,0,0,0,0,0,1,0,0,0,0,0,,0.45463654,480.54205,0,,0,0,0,0,0,0,0,0,0
Sharkiya,Generic,12/20/2014,2014,354,2014,55,22.24,10.9,92.96864,45.188725,3,0.01,12.35,1161.7285,1,32.43677,0.5019989,,549.9747,,0,,0,0,0,0,0,1,0,0,0,0,0,,0.5019989,549.9747,0,,0,0,0,0,0,0,0,0,0
Sharkiya,Generic,12/21/2014,2014,355,2014,56,22.07,9.810001,90.640144,41.39082,1,0.03,12.84,1178.7572,1,32.912235,0.54698765,,624.7236,,0,,0,0,0,0,0,1,0,0,0,0,0,,0.54698765,624.7236,0,,0,0,0,0,0,0,0,0,0
Sharkiya,Generic,12/22/2014,2014,356,2014,57,22.13,9.32,89.25068,39.292377,0,0.06,13.129999,1195.4752,1,33.37902,0.5904256,,705.72565,,0,,0,0,0,0,0,1,0,0,0,0,0,,0.5904256,705.72565,0,,0,0,0,0,0,0,0,0,0
Sharkiya,Generic,12/23/2014,2014,357,2014,58,21.16,9.34,91.68781,42.889847,3,0,12.619999,1211.4965,1,33.82635,0.63077825,,785.43536,,0,,0,0,0,0,0,1,0,0,0,0,0,,0.63077825,785.43536,0,,0,0,0,0,0,0,0,0,0
Sharkiya,Generic,12/24/2014,2014,358,2014,59,21.73,9.99,91.956154,43.392525,3,0,12.59,1228.4099,1,34.29859,0.6714713,,874.80023,,0,,0,0,0,0,0,1,0,0,0,0,0,,0.6714713,874.80023,0,,0,0,0,0,0,0,0,0,0
Sharkiya,Generic,12/25/2014,2014,359,2014,60,23.22,8.690001,84.84512,33.506924,0,0,14.02,1245.4602,1,34.77466,0.7100419,,980.8827,,0,,0,0,0,0,0,1,0,0,0,0,0,,0.7100419,980.8827,0,,0,0,0,0,0,0,0,0,0
Sharkiya,Generic,12/26/2014,2014,360,2014,61,22.809998,9.569999,88.11252,37.852108,0,0,13.4,1262.846,1,35.260086,0.746472,,1089.5734,,0,,0,0,0,0,0,1,0,0,0,0,0,,0.746472,1089.5734,0,,0,0,0,0,0,0,0,0,0
Sharkiya,Generic,12/27/2014,2014,361,2014,62,21.41,9.07,90.40031,40.89343,1,0,12.95,1278.8523,1,35.707005,0.77722335,,1190.264,,0,,0,0,0,0,0,1,0,0,0,0,0,,0.77722335,1190.264,0,,0,0,0,0,0,0,0,0,0
Sharkiya,Generic,12/28/2014,2014,362,2014,63,20.76,7.58,88.13242,37.50096,0,0,13.41,1293.2474,1,36.108932,0.80252516,,1287.0885,,0,,0,0,0,0,0,1,0,0,0,0,0,,0.80252516,1287.0885,0,,0,0,0,0,0,0,0,0,0
Sharkiya,Generic,12/29/2014,2014,363,2014,64,21.34,6.91,85.1275,33.38754,0,0,14.05,1307.574,1,36.508945,0.8254936,,1390.9396,,0,,0,0,0,0,0,1,0,0,0,0,0,,0.8254936,1390.9396,0,,0,0,0,0,0,0,0,0,0
Sharkiya,Generic,12/30/2014,2014,364,2014,65,20.27,7.6199994,89.31311,39.276592,0,0,13.19,1321.6252,1,36.90127,0.8459221,,1488.9274,,0,,0,0,0,0,0,1,0,0,0,0,0,,0.8459221,1488.9274,0,,0,0,0,0,0,0,0,0,0
Sharkiya,Generic,12/31/2014,2014,365,2014,66,22.96,6.130001,79.303825,26.706972,0,0,15.24,1336.5903,1,37.319115,0.86548406,,1612.2952,,0,,0,0,0,0,0,1,0,0,0,0,0,,0.86548406,1612.2952,0,,0,0,0,0,0,0,0,0,0
Sharkiya,Generic,1/1/2015,2015,1,2014,67,16.83,6.4699993,92.5744,46.668266,3,0,11.99,1347.1163,1,37.61301,0.8779529,,1681.5476,,0,,0,0,0,0,0,1,0,0,0,0,0,,0.8779529,1681.5476,0,,0,0,0,0,0,0,0,0,0
Sharkiya,Generic,1/2/2015,2015,2,2014,68,19.55,4.5200005,82.94864,30.786682,0,0,14.48,1358.2299,1,37.923313,0.8900248,,1771.064,,0,,0,0,0,0,0,1,0,0,0,0,0,,0.8900248,1771.064,0,,0,0,0,0,0,0,0,0,0
Sharkiya,Generic,1/3/2015,2015,3,2014,69,18.54,5.1900005,86.5013,35.82999,0,0.13,13.68,1369.0835,1,38.22636,0.90079117,,1854.656,,0,,0,0,0,0,0,1,0,0,0,0,0,,0.90079117,1854.656,0,,0,0,0,0,0,0,0,0,0
Sharkiya,Generic,1/4/2015,2015,4,2014,70,19.03,6.9699993,90.16992,40.964012,1,0.08,13.049999,1381.6813,1,38.578102,0.9121031,,1948.375,,0,,0,0,0,0,0,1,0,0,0,0,0,,0.9121031,1948.375,0,,0,0,0,0,0,0,0,0,0
Sharkiya,Generic,1/5/2015,2015,5,2014,71,18.41,6.9699993,91.317375,43.125416,3,0.01,12.75,1393.8013,1,38.916508,0.92187256,,2037.4103,,0,,0,0,0,0,0,1,0,0,0,0,0,,0.92187256,2037.4103,0,,0,0,0,0,0,0,0,0,0
Sharkiya,Generic,1/6/2015,2015,6,2014,72,15.46,7.78,97.87046,58.901096,7,0.23,10.48,1404.2817,1,39.209133,0.9295085,,2101.218,,0,,0,0,0,0,0,1,0,0,0,0,0,,0.9295085,2101.218,0,,0,0,0,0,0,0,0,0,0
Sharkiya,Generic,1/7/2015,2015,7,2014,73,13.18,5.8500004,94.7375,57.87552,5,4.72,10.28,1411.6683,1,39.41538,0.9344696,,2145.567,,0,,0,0,0,0,0,1,0,0,0,0,0,,0.9344696,2145.567,0,,0,0,0,0,0,0,0,0,0
Sharkiya,Generic,1/8/2015,2015,8,2014,74,14.23,5.6199994,93.34156,52.41728,3,0.24,11.18,1419.6368,1,39.637867,0.93945616,,2197.8755,,0,,0,0,0,0,0,1,0,0,0,0,0,,0.93945616,2197.8755,0,,0,0,0,0,0,0,0,0,0
Sharkiya,Generic,1/9/2015,2015,9,2014,75,13.75,6.4500003,95.95345,58.871124,5,0.55,10.34,1427.8573,1,39.86739,0.94422686,,2248.037,,0,,0,0,0,0,0,1,0,0,0,0,0,,0.94422686,2248.037,0,,0,0,0,0,0,0,0,0,0
Sharkiya,Generic,1/10/2015,2015,10,2014,76,14.77,3.8500004,88.183556,42.260136,0,0.51,12.699999,1434.9578,1,40.065643,0.9480607,,2301.4695,,0,,0,0,0,0,0,1,0,0,0,0,0,,0.9480607,2301.4695,0,,0,0,0,0,0,0,0,0,0
Sharkiya,Generic,1/11/2015,2015,11,2014,77,17.77,7.6100006,94.1032,48.336002,3,1.69,12.299999,1447.0778,1,40.40405,0.9540349,,2390.359,,0,,0,0,0,0,0,1,0,0,0,0,0,,0.9540349,2390.359,0,,0,0,0,0,0,0,0,0,0
Sharkiya,Generic,1/12/2015,2015,12,2014,78,20.13,5.5,84.24741,32.296753,0,0,14.83,1459.3904,1,40.74783,0.95943105,,2499.851,,0,,0,0,0,0,0,1,0,0,0,0,0,,0.95943105,2499.851,0,,0,0,0,0,0,0,0,0,0
Sharkiya,Generic,1/13/2015,2015,13,2014,79,19.19,8.84,94.71791,48.38823,5,0.01,12.530001,1473.5488,1,41.14315,0.9648864,,2606.836,,0,,0,0,0,0,0,1,0,0,0,0,0,,0.9648864,2606.836,0,,0,0,0,0,0,0,0,0,0
Sharkiya,Generic,1/14/2015,2015,14,2014,80,16.64,4.4799995,87.64913,38.949715,0,0.03,13.65,1482.4408,1,41.391422,0.9679437,,2680.264,,0,,0,0,0,0,0,1,0,0,0,0,0,,0.9679437,2680.264,0,,0,0,0,0,0,0,0,0,0
Sharkiya,Generic,1/15/2015,2015,15,2014,81,18.68,8.8,95.608284,50.2872,5,0.08,12.36,1496.1779,1,41.774975,0.97216696,,2783.4287,,0,,0,0,0,0,0,1,0,0,0,0,0,,0.97216696,2783.4287,0,,0,0,0,0,0,0,0,0,0
Sharkiya,Generic,1/16/2015,2015,16,2014,82,18.66,7.91,93.31065,46.260773,3,0.20000002,12.960001,1509.2148,1,42.138985,0.97567207,,2886.4597,,0,,0,0,0,0,0,1,0,0,0,0,0,,0.97567207,2886.4597,0,,0,0,0,0,0,0,0,0,0
Sharkiya,Generic,1/17/2015,2015,17,2014,83,19.02,8.96,95.37052,49.641586,5,0.23,12.610001,1523.3351,1,42.533237,0.9789829,,2995.4055,,0,,0,0,0,0,0,1,0,0,0,0,0,,0.9789829,2995.4055,0,,0,0,0,0,0,0,0,0,0
Sharkiya,Generic,1/18/2015,2015,18,2014,84,20.79,7.67,88.29297,37.730988,0,0.02,14.48,1537.8218,1,42.93772,0.9819208,,3124.1396,,0,,0,0,0,0,0,1,0,0,0,0,0,,0.9819208,3124.1396,0,,0,0,0,0,0,0,0,0,0
Sharkiya,Generic,1/19/2015,2015,19,2014,85,20.03,7.5699997,89.69843,39.89958,0,0.06,14.190001,1551.6509,1,43.32385,0.98434734,,3244.8665,,0,,0,0,0,0,0,1,0,0,0,0,0,,0.98434734,3244.8665,0,,0,0,0,0,0,0,0,0,0
Sharkiya,Generic,1/20/2015,2015,20,2014,86,23.33,5.3899994,76.6089,23.967869,0,0.01,17.12,1566.3353,1,43.733852,0.98657346,,3399.8809,,0,,0,0,0,0,0,1,0,0,0,0,0,,0.98657346,3399.8809,0,,0,0,0,0,0,0,0,0,0
Sharkiya,Generic,1/21/2015,2015,21,2014,87,26.11,7.3100004,73.47184,22.224457,0,0,17.63,1584.4476,1,44.23957,0.98889285,,3597.2395,,0,,0,0,0,0,0,1,0,0,0,0,0,,0.98889285,3597.2395,0,,0,0,0,0,0,0,0,0,0
Sharkiya,Generic,1/22/2015,2015,22,2014,88,27.03,12.1,81.659744,32.270752,0,0,15.809999,1606.0116,1,44.84166,0.9911424,,3808.4314,,0,,0,0,0,0,0,1,0,0,0,0,0,,0.9911424,3808.4314,0,,0,0,0,0,0,0,0,0,0
Sharkiya,Generic,1/23/2015,2015,23,2014,89,25.56,11.06,83.86352,33.74444,0,0,15.68,1626.1888,1,45.40503,0.9928358,,4004.7515,,0,,0,0,0,0,0,1,0,0,0,0,0,,0.9928358,4004.7515,0,,0,0,0,0,0,0,0,0,0
Sharkiya,Generic,1/24/2015,2015,24,2014,90,23.45,7.7999997,82.06358,30.087132,0,0,16.39,1642.7614,1,45.867752,0.9939831,,4173.4946,,0,,0,0,0,0,0,1,0,0,0,0,0,,0.9939831,4173.4946,0,,0,0,0,0,0,0,0,0,0
Sharkiya,Generic,1/25/2015,2015,25,2014,91,23.28,8.92,85.249054,34.070267,0,0,15.800001,1660.0192,1,46.349613,0.9949839,,4343.0605,,0,,0,0,0,0,0,1,0,0,0,0,0,,0.9949839,4343.0605,0,,0,0,0,0,0,0,0,0,0
Sharkiya,Generic,1/26/2015,2015,26,2014,92,21.02,10.27,94.412964,47.41271,3,0,13.76,1676.6208,1,46.813152,0.99579006,,4485.234,,0,,0,0,0,0,0,1,0,0,0,0,0,,0.99579006,4485.234,0,,0,0,0,0,0,0,0,0,0
Sharkiya,Generic,1/27/2015,2015,27,2014,93,22.7,11.23,92.581055,44.729168,3,0,14.300001,1695.0807,1,47.32857,0.99653566,,4649.647,,0,,0,0,0,0,0,1,0,0,0,0,0,,0.99653566,4649.647,0,,0,0,0,0,0,0,0,0,0
Sharkiya,Generic,1/28/2015,2015,28,2014,94,19.78,7,88.76137,38.56522,0,0,15.2,1708.2794,1,47.697094,0.99698657,,4774.6577,,0,,0,0,0,0,0,1,0,0,0,0,0,,0.99698657,4774.6577,0,,0,0,0,0,0,0,0,0,0
Sharkiya,Generic,1/29/2015,2015,29,2014,95,20.29,9.110001,93.09756,45.239685,3,0,14.309999,1723.4785,1,48.12147,0.99743384,,4910.246,,0,,0,0,0,0,0,1,0,0,0,0,0,,0.99743384,4910.246,0,,0,0,0,0,0,0,0,0,0
Sharkiya,Generic,1/30/2015,2015,30,2014,96,19.4,6.59,88.47627,38.26638,0,0,15.43,1736.0686,1,48.472996,0.9977538,,5031.3887,,0,,0,0,0,0,0,1,0,0,0,0,0,,0.9977538,5031.3887,0,,0,0,0,0,0,0,0,0,0
Sharkiya,Generic,1/31/2015,2015,31,2014,97,21.05,4.8999996,80.808685,28.073359,0,0,17.44,1748.6278,1,48.823666,0.9980332,,5168.0146,,0,,0,0,0,0,0,1,0,0,0,0,0,,0.9980332,5168.0146,0,,0,0,0,0,0,0,0,0,0
Sharkiya,Generic,2/1/2015,2015,32,2014,98,24.49,5.9699993,74.94184,22.764284,0,0,18.81,1764.6194,1,49.27017,0.9983393,,5355.7036,,0,,0,0,0,0,0,1,0,0,0,0,0,,0.9983393,5355.7036,0,,0,0,0,0,0,0,0,0,0
Sharkiya,Generic,2/2/2015,2015,33,2014,99,25.84,8.48,76.94634,25.611776,0,0,18.34,1783.3407,1,49.79289,0.99863786,,5570.004,,0,,0,0,0,0,0,1,0,0,0,0,0,,0.99863786,5570.004,0,,0,0,0,0,0,0,0,0,0
Sharkiya,Generic,2/3/2015,2015,34,2014,100,23.18,7.4599996,81.9502,29.838987,0,0,17.58,1799.4655,1,50.24311,0.99885166,,5746.971,,0,,0,0,0,0,0,1,0,0,0,0,0,,0.99885166,5746.971,0,,0,0,0,0,0,0,0,0,0
Sharkiya,Generic,2/4/2015,2015,35,2014,101,21.68,8.98,89.515564,39.58843,0,0,15.91,1815.605,1,50.693745,0.999032,,5907.303,,0,,0,0,0,0,0,1,0,0,0,0,0,,0.999032,5907.303,0,,0,0,0,0,0,0,0,0,0
Sharkiya,Generic,2/5/2015,2015,36,2014,102,23.14,8.610001,84.861664,33.49405,0,0,17.15,1832.5402,1,51.166595,0.999191,,6088.68,,0,,0,0,0,0,0,1,0,0,0,0,0,,0.999191,6088.68,0,,0,0,0,0,0,0,0,0,0
Sharkiya,Generic,2/6/2015,2015,37,2014,103,30.579998,11.2699995,67.91945,20.683931,0,0,19.91,1855.3094,1,51.802338,0.99936444,,6371.835,,0,,0,0,0,0,0,1,0,0,0,0,0,,0.99936444,6371.835,0,,0,0,0,0,0,0,0,0,0
Sharkiya,Generic,2/7/2015,2015,38,2014,104,25.86,9.900001,80.197075,29.339811,0,0,18.23,1874.9607,1,52.35102,0.9994838,,6595.621,,0,,0,0,0,0,0,1,0,0,0,0,0,0.05,0.9994838,6595.621,0,,0,0,0,0,0,0,0,0,0
Sharkiya,Generic,2/8/2015,2015,39,2014,105,21.2,9.040001,90.82657,41.534515,1,0,16.03,1890.789,1,52.792965,0.9995635,,6754.131,,0,,0,0,0,0,0,1,0,0,0,0,0,,0.9995635,6754.131,0,,0,0,0,0,0,0,0,0,0
Sharkiya,Generic,2/9/2015,2015,40,2014,106,21.1,6.7100005,85.17767,33.440155,0,0,17.57,1904.779,2,53.183586,0.99962366,,6907.701,,0,,0,0,0,0,0,1,0,0,0,0,0,,0.99962366,6907.701,0,,0,0,0,0,0,0,0,0,0
Sharkiya,Generic,2/10/2015,2015,41,2014,107,18.19,6.8099995,91.28974,43.234066,3,0.01,15.74,1916.6064,2,53.51382,0.999668,,7024.0146,,0,,0,0,0,0,0,1,0,0,0,0,0,,0.999668,7024.0146,0,,0,0,0,0,0,0,0,0,0
Sharkiya,Generic,2/11/2015,2015,42,2014,108,12.01,6.9499993,98.28049,69.93535,9,2.45,10.58,1923.944,2,53.718693,0.9996928,,7072.519,,0,,0,0,0,0,0,1,0,0,0,0,0,,0.9996928,7072.519,0,,0,0,0,0,0,0,0,0,0
Sharkiya,Generic,2/12/2015,2015,43,2014,109,15.39,3.7200003,87.2123,39.794678,0,0.18,16.18,1931.3867,2,53.926502,0.9997161,,7147.763,,0,,0,0,0,0,0,1,0,0,0,0,0,,0.9997161,7147.763,0,,0,0,0,0,0,0,0,0,0
Sharkiya,Generic,2/13/2015,2015,44,2014,110,17.56,5.49,88.90908,39.992798,0,0.33,16.58,1941.7229,2,54.215096,0.99974555,,7254.8447,,0,,0,0,0,0,0,1,0,0,0,0,0,,0.99974555,7254.8447,0,,0,0,0,0,0,0,0,0,0
Sharkiya,Generic,2/14/2015,2015,45,2014,111,18.45,4.76,85.562965,34.588997,0,0.02,17.8,1952.1805,2,54.507088,0.9997334,,7371.155,,0,,0,0,0,0,0,0.99998784,0,0,0,0,0,0.2,0.9997334,7371.155,0,,0,0,0,0,0,0,0,0,0
Sharkiya,Generic,2/15/2015,2015,46,2014,112,16.95,7.7000003,95.6496,52.062183,5,0.14,14.74,1963.7389,2,54.82981,0.9997141,,7477.6055,,0,,0,0,0,0,0,0.9999685,0,0,0,0,0,,0.9997141,7477.6055,0,,0,0,0,0,0,0,0,0,0
Sharkiya,Generic,2/16/2015,2015,47,2014,113,19.63,7.0699997,89.24614,39.326836,0,0.02,17.31,1976.8761,2,55.196613,0.99969053,,7619.6895,,0,,0,0,0,0,0,0.999945,0,0,0,0,0,,0.99969053,7619.6895,0,,0,0,0,0,0,0,0,0,0
Sharkiya,Generic,2/17/2015,2015,48,2014,114,20.29,7.7999997,89.72954,39.89776,0,0.03,17.39,1991.0804,2,55.593216,0.99966276,,7774.0205,,0,,0,0,0,0,0,0.9999172,0,0,0,0,0,,0.99966276,7774.0205,0,,0,0,0,0,0,0,0,0,0
Sharkiya,Generic,2/18/2015,2015,49,2014,115,18.16,6.49,90.51,42.010696,1,0.87,16.94,2002.6388,2,55.91594,0.9996383,,7896.35,,0,,0,0,0,0,0,0.9998928,0,0,0,0,0,,0.9996383,7896.35,0,,0,0,0,0,0,0,0,0,0
Sharkiya,Generic,2/19/2015,2015,50,2014,116,11.99,5.3600006,93.99699,60.010685,5,2.2,12.859999,2008.8755,2,56.090076,0.9996244,,7946.458,,0,,0,0,0,0,0,0.99987876,0,0,0,0,0,,0.9996244,7946.458,0,,0,0,0,0,0,0,0,0,0
Sharkiya,Generic,2/20/2015,2015,51,2014,117,16.27,5.2000003,90.01532,43.0651,1,0.84000003,16.75,2018.0261,2,56.34557,0.9996031,,8042.216,,0,,0,0,0,0,0,0.9998575,0,0,0,0,0,,0.9996031,8042.216,0,,0,0,0,0,0,0,0,0,0
Sharkiya,Generic,2/21/2015,2015,52,2014,118,17.26,9.92,100,62.70058,7,1.1,13.74,2031.5327,2,56.722687,0.99956936,,8158.1533,,0,,0,0,0,0,0,0.99982375,0,0,0,0,0,0.4,0.99956936,8158.1533,0,,0,0,0,0,0,0,0,0,0
Sharkiya,Generic,2/22/2015,2015,53,2014,119,19.74,7.0200005,88.894356,38.772106,0,0,18.22,2044.7161,2,57.090782,0.99953365,,8308.209,,0,,0,0,0,0,0,0.99978805,0,0,0,0,0,,0.99953365,8308.209,0,,0,0,0,0,0,0,0,0,0
Sharkiya,Generic,2/23/2015,2015,54,2014,120,19.07,10.64,99.71146,57.910133,7,0,14.949999,2060.1482,2,57.521664,0.999488,,8452.33,,0,,0,0,0,0,0,0.9997424,0,0,0,0,0,,0.999488,8452.33,0,,0,0,0,0,0,0,0,0,0
Sharkiya,Generic,2/24/2015,2015,55,2014,121,17.4,9.960001,100,62.239086,7,1.5700002,14.15,2073.793,2,57.902645,0.99944395,,8572.935,,0,,0,0,0,0,0,0.99969834,0,0,0,0,0,,0.99944395,8572.935,0,,0,0,0,0,0,0,0,0,0
Sharkiya,Generic,2/25/2015,2015,56,2014,122,22.94,6.9400005,81.30814,28.987402,0,0,20.9,2089.3525,2,58.337086,0.9993892,,8776.058,,0,,0,0,0,0,0,0.9996435,0,0,0,0,0,,0.9993892,8776.058,0,,0,0,0,0,0,0,0,0,0
Sharkiya,Generic,2/26/2015,2015,57,2014,123,26.17,8.949999,77.04668,25.96175,0,0,21.85,2108.5977,2,58.874428,0.99931383,,9038.693,,0,,0,0,0,0,0,0.99956816,0,0,0,0,0,,0.99931383,9038.693,0,,0,0,0,0,0,0,0,0,0
Sharkiya,Generic,2/27/2015,2015,58,2014,124,29.4,10.469999,70.18017,21.68642,0,0,23.07,2130.523,2,59.48661,0.99921656,,9354.58,,0,,0,0,0,0,0,0.9994709,0,0,0,0,0,,0.99921656,9354.58,0,,0,0,0,0,0,0,0,0,0
Sharkiya,Generic,2/28/2015,2015,59,2014,125,23.36,9.18,85.67206,34.67734,0,0,20.12,2148.022,2,59.9752,0.99912924,,9574.438,,0,,0,0,0,0,0,0.9993835,0,0,0,0,0,,0.99912924,9574.438,0,,0,0,0,0,0,0,0,0,0
Sharkiya,Generic,3/1/2015,2015,60,2014,126,23.07,8.59,84.99793,33.64457,0,0,20.48,2164.892,2,60.44623,0.99903584,,9790.169,,0,,0,0,0,0,0,0.9992901,0,0,0,0,0,0.6,0.99903584,9790.169,0,,0,0,0,0,0,0,0,0,0
Sharkiya,Generic,3/2/2015,2015,61,2014,127,23.7,9.579999,85.721535,34.920834,0,0,20.37,2182.908,2,60.94926,0.9989249,,10019.287,,0,,0,0,0,0,0,0.9991791,0,0,0,0,0,,0.9989249,10019.287,0,,0,0,0,0,0,0,0,0,0
Sharkiya,Generic,3/3/2015,2015,62,2014,128,24.9,10.38,84.22207,33.686283,0,0,20.81,2202.2559,2,61.489475,0.99879175,,10270.625,,0,,0,0,0,0,0,0.99904597,0,0,0,0,0,,0.99879175,10270.625,0,,0,0,0,0,0,0,0,0,0
Sharkiya,Generic,3/4/2015,2015,63,2014,129,23.879997,10.249999,86.86204,36.611553,0,0,20.3,2220.8503,2,62.008656,0.9986481,,10506.223,,0,,0,0,0,0,0,0.99890226,0,0,0,0,0,,0.9986481,10506.223,0,,0,0,0,0,0,0,0,0,0
Sharkiya,Generic,3/5/2015,2015,64,2014,130,24.11,9.860001,85.25462,34.52784,0,0,20.91,2239.3372,2,62.524826,0.9984884,,10747.457,,0,,0,0,0,0,0,0.9987426,0,0,0,0,0,,0.9984884,10747.457,0,,0,0,0,0,0,0,0,0,0
Sharkiya,Generic,3/6/2015,2015,65,2014,131,29.48,9.700001,68.26943,19.944338,0,0,24.809998,2260.9263,2,63.12762,0.998278,,11081.647,,0,,0,0,0,0,0,0.9985321,0,0,0,0,0,,0.998278,11081.647,0,,0,0,0,0,0,0,0,0,0
Sharkiya,Generic,3/7/2015,2015,66,2014,132,29.89,11.59,70.94449,22.95835,0,0.02,24.03,2283.5522,2,63.75936,0.9980261,,11420.789,,0,,0,0,0,0,0,0.9982801,0,0,0,0,0,0.7,0.9980261,11420.789,0,,0,0,0,0,0,0,0,0,0
Sharkiya,Generic,3/8/2015,2015,67,2014,133,31.82,12.209999,65.59965,19.807972,0,0.02,25.05,2307.0193,2,64.41458,0.9977258,,11787.359,,0,,0,0,0,0,0,0.9979797,0,0,0,0,0,,0.9977258,11787.359,0,,0,0,0,0,0,0,0,0,0
Sharkiya,Generic,3/9/2015,2015,68,2014,134,29.09,14.34,79.79254,32.36914,0,0.21000001,21.88,2330.3203,2,65.06518,0.9973826,,12105.168,,0,,0,0,0,0,0,0.99763644,0,0,0,0,0,,0.9973826,12105.168,0,,0,0,0,0,0,0,0,0,0
Sharkiya,Generic,3/10/2015,2015,69,2014,135,24.72,14.140001,94.008896,48.670586,3,0.45,18.66,2351.7468,2,65.66344,0.9970216,,12354.31,,0,,0,0,0,0,0,0.99727535,0,0,0,0,0,,0.9970216,12354.31,0,,0,0,0,0,0,0,0,0,0
Sharkiya,Generic,3/11/2015,2015,70,2014,136,24.91,11.790001,87.6138,38.458405,0,1.16,20.92,2371.9717,2,66.228134,0.9966355,,12617.86,,0,,0,0,0,0,0,0.9968892,0,0,0,0,0,,0.9966355,12617.86,0,,0,0,0,0,0,0,0,0,0
Sharkiya,Generic,3/12/2015,2015,71,2014,137,23.58,8.550001,83.53485,31.976042,0,0.28,22.54,2389.1794,2,66.70859,0.996268,,12859.371,,0,,0,0,0,0,0,0.99652153,0,0,0,0,0,,0.996268,12859.371,0,,0,0,0,0,0,0,0,0,0
Sharkiya,Generic,3/13/2015,2015,72,2014,138,24.05,9.8,85.27846,34.522953,0,0,22.1,2407.5852,2,67.2225,0.99583036,,13112.54,,0,,0,0,0,0,0,0.9960838,0,0,0,0,0,,0.99583036,13112.54,0,,0,0,0,0,0,0,0,0,0
Sharkiya,Generic,3/14/2015,2015,73,2014,139,26.14,9.239999,77.807915,26.783546,0,0,24.219997,2426.9968,2,67.764496,0.9953135,,13405.006,,0,,0,0,0,0,0,0.99556684,0,0,0,0,0,0.8,0.9953135,13405.006,0,,0,0,0,0,0,0,0,0,0
Sharkiya,Generic,3/15/2015,2015,74,2014,140,24.15,9.47,84.19239,33.136784,0,0,22.72,2445.246,2,68.27403,0.99476963,,13662.791,,0,,0,0,0,0,0,0.99502283,0,0,0,0,0,,0.99476963,13662.791,0,,0,0,0,0,0,0,0,0,0
Sharkiya,Generic,3/16/2015,2015,75,2014,141,23.54,9.21,85.255455,34.205135,0,0,22.6,2462.893,2,68.76676,0.9941841,,13910.604,,0,,0,0,0,0,0,0.9944371,0,0,0,0,0,,0.9941841,13910.604,0,,0,0,0,0,0,0,0,0,0
Sharkiya,Generic,3/17/2015,2015,76,2014,142,25.010002,9.250001,81.19273,29.907932,0,0,23.85,2481.5745,2,69.28837,0.993493,,14187.26,,0,,0,0,0,0,0,0.99374586,0,0,0,0,0,,0.993493,14187.26,0,,0,0,0,0,0,0,0,0,0
Sharkiya,Generic,3/18/2015,2015,77,2014,143,25.14,8.82,79.79526,28.332256,0,0,24.420002,2500.0544,2,69.804344,0.99272937,,14467.262,,0,,0,0,0,0,0,0.99298203,0,0,0,0,0,,0.99272937,14467.262,0,,0,0,0,0,0,0,0,0,0
Sharkiya,Generic,3/19/2015,2015,78,2014,144,24.24,9.51,84.03433,32.98509,0,0,23.35,2518.3923,2,70.31636,0.99188364,,14732.708,,0,,0,0,0,0,0,0.99213606,0,0,0,0,0,,0.99188364,14732.708,0,,0,0,0,0,0,0,0,0,0
Sharkiya,Generic,3/20/2015,2015,79,2014,145,23.21,8.98,85.58447,34.48872,0,0,23.09,2535.643,2,70.79802,0.99099934,,14979.416,,0,,0,0,0,0,0,0.9912516,0,0,0,0,0,,0.99099934,14979.416,0,,0,0,0,0,0,0,0,0,0
Sharkiya,Generic,3/21/2015,2015,80,2014,146,23.58,9.6,86.10277,35.378086,0,0,23.03,2553.5898,2,71.29912,0.98997796,,15235.147,,0,,0,0,0,0,0,0.9902299,0,0,0,0,0,0.9,0.98997796,15235.147,0,,0,0,0,0,0,0,0,0,0
Sharkiya,Generic,3/22/2015,2015,81,2014,147,24.16,6.8099995,77.79614,25.540007,0,0,25.810001,2569.9575,2,71.75612,0.98894686,,15496.26,,0,,0,0,0,0,0,0.98919857,0,0,0,0,0,,0.98894686,15496.26,0,,0,0,0,0,0,0,0,0,0
Sharkiya,Generic,3/23/2015,2015,82,2014,148,23.26,8.22,83.5887,31.898361,0,0,24.169998,2586.6973,2,72.22351,0.98778385,,15746.047,,0,,0,0,0,0,0,0.98803526,0,0,0,0,0,,0.98778385,15746.047,0,,0,0,0,0,0,0,0,0,0
Sharkiya,Generic,3/24/2015,2015,83,2014,149,30.31,11.710001,69.76843,22.215479,0,0,27.04,2609.53,2,72.86103,0.9860005,,16126.52,,0,,0,0,0,0,0,0.9862514,0,0,0,0,0,,0.9860005,16126.52,0,,0,0,0,0,0,0,0,0,0
Sharkiya,Generic,3/25/2015,2015,84,2014,150,28.75,12.900001,77.726166,29.281462,0,0,25.11,2632.2227,2,73.49463,0.9839744,,16476.945,,0,,0,0,0,0,0,0.98422486,0,0,0,0,0,,0.9839744,16476.945,0,,0,0,0,0,0,0,0,0,0
Sharkiya,Generic,3/26/2015,2015,85,2014,151,29.16,14,78.77764,31.134922,0,0,24.7,2655.4424,2,74.14296,0.9816032,,16828.807,,0,,0,0,0,0,0,0.98185307,0,0,0,0,0,,0.9816032,16828.807,0,,0,0,0,0,0,0,0,0,0
Sharkiya,Generic,3/27/2015,2015,86,2014,152,38.21,18.21,53.92719,16.808975,0,0,28.53,2676.5205,2,74.73148,0.9791545,,17196.822,,0,,0,0,0,0,0,0.97940373,0,0,0,0,0,,0.9791545,17196.822,0,,0,0,0,0,0,0,0,0,0
Sharkiya,Generic,3/28/2015,2015,87,2014,153,27.2,15.52,89.1846,43.57762,0,0.26,21.92,2699.599,2,75.37586,0.97610736,,17505.445,,0,,0,0,0,0,0,0.9763558,0,0,0,0,0,,0.97610736,17505.445,0,,0,0,0,0,0,0,0,0,0
Sharkiya,Generic,3/29/2015,2015,88,2014,154,27.57,12.650001,81.15445,32.215576,0,0,24.91,2721.6868,2,75.99257,0.97278625,,17839.965,,0,,0,0,0,0,0,0.97303385,0,0,0,0,0,,0.97278625,17839.965,0,,0,0,0,0,0,0,0,0,0
Sharkiya,Generic,3/30/2015,2015,89,2014,155,26.46,12.27,83.910774,34.67722,0,0,24.420002,2743.046,2,76.58894,0.9691501,,18155.902,,0,,0,0,0,0,0,0.96939677,0,0,0,0,0,,0.9691501,18155.902,0,,0,0,0,0,0,0,0,0,0
Sharkiya,Generic,3/31/2015,2015,90,2014,156,27.11,12.110001,81.42137,32.0469,0,0,25.25,2764.655,2,77.19229,0.96499455,,18484.984,,0,,0,0,0,0,0,0.9652402,0,0,0,0,0,,0.96499455,18484.984,0,,0,0,0,0,0,0,0,0,0
Sharkiya,Generic,4/1/2015,2015,91,2014,157,26.26,12.85,85.93939,37.33122,0,0.01,24,2786.209,2,77.794106,0.960315,1,18795.463,,0,,0,0,0,0,0,0.9605594,0,0,0,0,0,0.9,0.960315,18795.463,0,,0,0,0,0,0,0,0,0,0
Sharkiya,Generic,4/2/2015,2015,92,2014,158,29.29,11.75,73.32871,24.825626,0,0,27.580002,2808.6555,2,78.42084,0.95480657,,19164.898,,0,,0,0,0,0,0,0.9550496,0,0,0,0,0,,0.95480657,19164.898,0,,0,0,0,0,0,0,0,0,0
Sharkiya,Generic,4/3/2015,2015,93,2014,159,28.21,13.830001,81.70621,33.747147,0,0,25.1,2831.4956,2,79.058556,0.9484583,,19504.736,,0,,0,0,0,0,0,0.9486997,0,0,0,0,0,,0.9484583,19504.736,0,,0,0,0,0,0,0,0,0,0
Sharkiya,Generic,4/4/2015,2015,94,2014,160,26.95,11.44,80.38168,30.554422,0,0,26.2,2852.6755,2,79.649925,0.9418256,,19831.383,,0,,0,0,0,0,0,0.94206536,0,0,0,0,0,,0.9418256,19831.383,0,,0,0,0,0,0,0,0,0,0
Sharkiya,Generic,4/5/2015,2015,95,2014,161,28.470001,10.320001,72.909966,23.539377,0,0,28.48,2874.066,2,80.24717,0.9343204,,20187.123,,0,,0,0,0,0,0,0.9345582,0,0,0,0,0,,0.9343204,20187.123,0,,0,0,0,0,0,0,0,0,0
Sharkiya,Generic,4/6/2015,2015,96,2014,162,30.98,11.93,67.93031,21.121845,0,0,29.32,2897.2068,2,80.89329,0.9251938,,20579.459,,0,,0,0,0,0,0,0.9254293,0,0,0,0,0,,0.9251938,20579.459,0,,0,0,0,0,0,0,0,0,0
Sharkiya,Generic,4/7/2015,2015,97,2014,163,37.13,14.709999,51.73786,13.68613,0,0,31.96,2920.64,2,81.54757,0.91477686,,21007.643,,0,,0,0,0,0,0,0.9150097,0,0,0,0,0,,0.91477686,21007.643,0,,0,0,0,0,0,0,0,0,0
Sharkiya,Generic,4/8/2015,2015,98,2014,164,40.06,16.630001,44.898926,11.466611,0,0,32.82,2941.5154,2,82.13044,0.90440667,,21394.916,,0,,0,0,0,0,0,0.90463686,0,0,0,0,0,,0.90440667,21394.916,0,,0,0,0,0,0,0,0,0,0
Sharkiya,Generic,4/9/2015,2015,99,2014,165,23.72,12.47,92.843414,45.770313,3,0,22.85,2961.4326,2,82.68655,0.8934752,,21649.059,,0,,0,0,0,0,0,0.89370257,0,0,0,0,0,,0.8934752,21649.059,0,,0,0,0,0,0,0,0,0,0
Sharkiya,Generic,4/10/2015,2015,100,2014,166,19.92,10.2,96.75218,51.75703,5,1.89,21.33,2977.1714,2,83.12599,0.8840722,,21834.553,,0,,0,0,0,0,0,0.8842972,0,0,0,0,0,,0.8840722,21834.553,0,,0,0,0,0,0,0,0,0,0
Sharkiya,Generic,4/11/2015,2015,101,2014,167,16.6,10.74,100,71.287704,24,23.57,16.64,2990.8008,2,83.506546,0.8753547,,21958.63,,0,,0,0,0,0,0,0.8755775,0,0,0,0,0,,0.8753547,21958.63,0,,0,0,0,0,0,0,0,0,0
Sharkiya,Generic,4/12/2015,2015,102,2014,168,21.75,8.55,88.25966,37.7525,0,0.63,25.07,3006.6736,2,83.94973,0.8644996,,22173.639,,0,,0,0,0,0,0,0.8647196,0,0,0,0,0,,0.8644996,22173.639,0,,0,0,0,0,0,0,0,0,0
Sharkiya,Generic,4/13/2015,2015,103,2014,169,25.399998,8.589999,78.496544,27.019573,0,0.04,28.42,3025.1738,2,84.46627,0.85085326,,22453.238,,0,,0,0,0,0,0,0.8510698,0,0,0,0,0,,0.85085326,22453.238,0,,0,0,0,0,0,0,0,0,0
Sharkiya,Generic,4/14/2015,2015,104,2014,170,24.75,10.07,83.916595,33.171524,0,0,26.66,3044.2246,2,84.99819,0.83563644,,22718.496,,0,,0,0,0,0,0,0.8358491,0,0,0,0,0,,0.83563644,22718.496,0,,0,0,0,0,0,0,0,0,0
Sharkiya,Generic,4/15/2015,2015,105,2014,171,22.71,9.32,87.7532,37.29465,0,0.25,25.57,3061.3608,2,85.476654,0.8209052,,22943.309,,0,,0,0,0,0,0,0.8211141,0,0,0,0,0,,0.8209052,22943.309,0,,0,0,0,0,0,0,0,0,0
Sharkiya,Generic,4/16/2015,2015,106,2014,172,26.24,9.719999,78.6168,27.784967,0,0.01,28.509998,3081.1365,2,86.02882,0.80264574,,23226.143,,0,,0,0,0,0,0,0.80285,0,0,0,0,0,,0.80264574,23226.143,0,,0,0,0,0,0,0,0,0,0
Sharkiya,Generic,4/17/2015,2015,107,2014,173,26.52,10.209999,78.888756,28.339195,0,0,28.440002,3101.3792,2,86.59402,0.7825364,,23507.71,,0,,0,0,0,0,0,0.7827356,0,0,0,0,0,,0.7825364,23507.71,0,,0,0,0,0,0,0,0,0,0
Sharkiya,Generic,4/18/2015,2015,108,2014,174,28.71,9.790001,70.96791,21.807955,0,0,30.75,3122.6177,2,87.18702,0.7598912,,23817.88,,0,,0,0,0,0,0,0.7600846,0,0,0,0,0,,0.7598912,23817.88,0,,0,0,0,0,0,0,0,0,0
Sharkiya,Generic,4/19/2015,2015,109,2014,175,31.92,10.129999,61.087154,15.977208,0,0,33.12,3145.4617,2,87.824844,0.7337924,,24164.867,,0,,0,0,0,0,0,0.7339792,0,0,0,0,0,,0.7337924,24164.867,0,,0,0,0,0,0,0,0,0,0
Sharkiya,Generic,4/20/2015,2015,110,2014,176,36.2,15.630001,56.632984,16.72342,0,0,32.3,3168.8977,2,88.47921,0.7052108,,24498.514,,0,,0,0,0,0,0,0.70539033,0,0,0,0,0,,0.7052108,24498.514,0,,0,0,0,0,0,0,0,0,0
Sharkiya,Generic,4/21/2015,2015,111,2014,177,29.78,13.620001,75.74528,28.180656,0,0,28.73,3192.19,2,89.129555,0.67511076,,24780.873,,0,,0,0,0,0,0,0.6752826,0,0,0,0,0,,0.67511076,24780.873,0,,0,0,0,0,0,0,0,0,0
Sharkiya,Generic,4/22/2015,2015,112,2014,178,27.69,12.440001,80.26839,31.208054,0,0,28.010002,3214.2363,2,89.74511,0.64521736,,25029.895,,0,,0,0,0,0,0,0.64538157,0,0,0,0,0,,0.64521736,25029.895,0,,0,0,0,0,0,0,0,0,0
Sharkiya,Generic,4/23/2015,2015,113,2014,179,23.97,11.050001,88.577484,39.165714,0,0,25.870003,3233.417,2,90.280655,0.6182436,,25221.629,,0,,0,0,0,0,0,0.61840093,0,0,0,0,0,,0.6182436,25221.629,0,,0,0,0,0,0,0,0,0,0
Sharkiya,Generic,4/24/2015,2015,114,2014,180,25.16,9.149999,80.517105,29.19775,0,0,28.89,3252.1316,2,90.80319,0.5912018,,25421.406,,0,,0,0,0,0,0,0.5913522,0,0,0,0,0,,0.5912018,25421.406,0,,0,0,0,0,0,0,0,0,0
Sharkiya,Generic,4/25/2015,2015,115,2014,181,27.75,9.560001,73.53892,23.530336,0,0,30.900002,3272.7131,2,91.377846,0.5608181,,25644.32,,0,,0,0,0,0,0,0.56096077,0,0,0,0,0,,0.5608181,25644.32,0,,0,0,0,0,0,0,0,0,0
Sharkiya,Generic,4/26/2015,2015,116,2014,182,31.91,10.16,61.17974,16.042646,0,0,33.89,3295.5645,2,92.015884,0.52655125,,25899.18,,0,,0,0,0,0,0,0.52668524,0,0,0,0,0,,0.52655125,25899.18,0,,0,0,0,0,0,0,0,0,0
Sharkiya,Generic,4/27/2015,2015,117,2014,183,37.68,16.03,52.08233,14.553149,0,0,33.92,3318.2742,2,92.64996,0.49224645,,26136.17,,0,,0,0,0,0,0,0.49237174,0,0,0,0,0,,0.49224645,26136.17,0,,0,0,0,0,0,0,0,0,0
Sharkiya,Generic,4/28/2015,2015,118,2014,184,36.51,14.459999,53.452866,14.392892,0,0,34.33,3341.9397,2,93.31074,0.45658022,,26368.008,,0,,0,0,0,0,0,0.45669645,0,0,0,0,0,,0.45658022,26368.008,0,,0,0,0,0,0,0,0,0,0
Sharkiya,Generic,4/29/2015,2015,119,2014,185,38.67,16.620003,49.615334,13.643811,0,0,34.43,3363.786,2,93.92071,0.4240382,,26567.35,,0,,0,0,0,0,0,0.42414618,0,0,0,0,0,,0.4240382,26567.35,0,,0,0,0,0,0,0,0,0,0
Sharkiya,Generic,4/30/2015,2015,120,2014,186,32.1,13.790001,67.84507,22.358335,0,0,31.47,3387.6304,2,94.58647,0.38926542,,26749.912,,0,,0,0,0,0,0,0.38936448,0,0,0,0,0,,0.38926542,26749.912,0,,0,0,0,0,0,0,0,0,0
Sharkiya,Generic,5/1/2015,2015,121,2014,187,32.12,12.439999,65.02189,19.596935,0,0,32.72,3411.2266,2,95.2453,0.35592777,0.3,26921.662,,0,7285.7144,0,0,0,0,0,0.35601836,0,0,0,0,0,0.9,0.35592777,26921.662,0,3035.7144,0,0,0,0,0,0,0,0,0
Sharkiya,Generic,5/2/2015,2015,122,2014,188,31.08,13.039999,69.90873,23.247314,0,0,31.41,3434.7168,2,95.90118,0.32407123,,27071.105,,0,,0,0,0,0,0,0.32415372,0,0,0,0,0,,0.32407123,27071.105,0,,0,0,0,0,0,0,0,0,0
Sharkiya,Generic,5/3/2015,2015,123,2014,189,31.369999,12.659999,68.09492,21.726177,0,0,32.07,3458.1838,2,96.556404,0.29379457,,27209.297,,0,,0,0,0,0,0,0.29386938,0,0,0,0,0,,0.29379457,27209.297,0,,0,0,0,0,0,0,0,0,0
Sharkiya,Generic,5/4/2015,2015,124,2014,190,31.440002,14.570001,71.85394,25.856394,0,0,30.530003,3482.0454,2,97.22264,0.2647719,,27329.85,,0,,0,0,0,0,0,0.2648393,0,0,0,0,0,,0.2647719,27329.85,0,,0,0,0,0,0,0,0,0,0
Sharkiya,Generic,5/5/2015,2015,125,2014,191,32.28,13.450001,66.50694,21.220802,0,0,32.34,3505.866,2,97.88774,0.2376964,,27444.295,,0,,0,0,0,0,0,0.23775691,0,0,0,0,0,,0.2376964,27444.295,0,,0,0,0,0,0,0,0,0,0
Sharkiya,Generic,5/6/2015,2015,126,2014,192,32.85,14.049999,65.682236,21.102167,0,0,32.39,3529.823,2,98.55665,0.21245094,,27547.33,,0,,0,0,0,0,0,0.21250498,0,0,0,0,0,,0.21245094,27547.33,0,,0,0,0,0,0,0,0,0,0
Sharkiya,Generic,5/7/2015,2015,127,2014,193,35.02,14.110001,58.04917,16.587097,0,0,34.24,3553.776,2,99.22544,0.18922506,,27644.326,,0,,0,0,0,0,0,0.18927324,0,0,0,0,0,,0.18922506,27644.326,0,,0,0,0,0,0,0,0,0,0
Sharkiya,Generic,5/8/2015,2015,128,2014,194,35.74,16.850002,60.553772,19.822542,0,0,32.62,3576.9563,2,99.872665,0.16865057,,27724.03,,0,,0,0,0,0,0,0.16869348,0,0,0,0,0,,0.16865057,27724.03,0,,0,0,0,0,0,0,0,0,0
Sharkiya,Generic,5/9/2015,2015,129,2014,195,35.24,19.34,67.232285,26.456606,0,0,29.990002,3599.2202,2,100,0.15060712,,27786.879,,0,,0,0,0,0,0,0.15064543,0,0,0,0,0,,0.15060712,27786.879,0,,0,0,0,0,0,0,0,0,0
