year,month,day,rad,tx,tn,p,rhx,rhn
2013,1,1,5.346,4.9,-4.2,2.2,100,89
2013,1,2,4.979,5.8,-1.3,5.6,100,96
2013,1,3,6.697,9.5,-3.2,0.2,100,78
2013,1,4,7.2,11.2,-3.3,0.2,100,81
2013,1,5,8.405,17.7,-1.8,0,100,59
2013,1,6,7.348,13.5,-1.2,0,100,67
2013,1,7,7.326,11.7,-2.7,0.2,100,77
2013,1,8,4.725,7.1,1.2,0.2,100,96
2013,1,9,2.481,5.2,3.6,0,100,91
2013,1,10,6.378,8.1,-2.3,0,100,86
2013,1,11,6.084,7.4,-1.9,0.2,100,90
2013,1,12,2.847,4,2,0,100,99
2013,1,13,3.213,4.2,1.7,0.8,100,97
2013,1,14,4.495,4.8,0,0,100,94
2013,1,15,3.529,3.5,0.6,3.8,100,95
2013,1,16,6.974,6.3,-4.8,0,100,55
2013,1,17,8.055,9.6,-4.9,0,99,37
2013,1,18,7.914,7.2,-6.5,0,97,46
2013,1,19,4.214,1.4,-2.4,0.4,100,90
2013,1,20,3.014,1.8,-0.1,17.8,100,100
2013,1,21,4.743,4.7,0.1,1.6,100,100
2013,1,22,7.654,9.8,-1.9,0.2,100,83
2013,1,23,6.979,7,-2.5,8.8,100,84
2013,1,24,7.704,10.2,-1.1,0.4,100,72
2013,1,25,8.037,7.7,-4.3,0.2,100,85
2013,1,26,7.429,6.6,-3.4,0.2,100,79
2013,1,27,6.854,2.8,-5.5,0.2,100,97
2013,1,28,4.173,4.2,1.2,9.2,100,98
2013,1,29,7.64,7.5,-2.3,0,100,85
2013,1,30,9.119,10.4,-3.2,0.2,100,77
2013,1,31,8.118,9.2,-1.3,0.2,100,98
2013,2,1,5.141,2.9,-1.2,0.8,100,100
2013,2,2,6.61,9.2,2.6,1.2,100,40
2013,2,3,9.366,11.9,-1,0,80,27
2013,2,4,10.898,12,-5,0,94,39
2013,2,5,9.32,7.7,-4.4,0,100,72
2013,2,6,10.966,11.5,-4.8,0,100,43
2013,2,7,9.929,11.2,-1.8,0,100,29
2013,2,8,10.594,7.9,-6.5,0,86,36
2013,2,9,11.108,9.7,-5.7,0,89,27
2013,2,10,10.388,6.4,-6.7,0,91,41
2013,2,11,4.011,0,-1.9,2.8,100,81
2013,2,12,10.515,6.6,-6.1,2,100,70
2013,2,13,10.536,3.4,-9,0.2,100,89
2013,2,14,12.059,6.8,-9,0.2,100,75
2013,2,15,11.834,8.8,-6,0,100,63
2013,2,16,11.958,9.8,-4.9,0,100,61
2013,2,17,11.314,9.4,-3.4,0.2,100,68
2013,2,18,11.336,9.2,-3.3,0,100,67
2013,2,19,12.032,9.6,-4.1,0.2,100,57
2013,2,20,10.422,6.8,-3.2,0,100,79
2013,2,21,5.977,3.2,0,3.4,100,97
2013,2,22,8.366,2.9,-3.2,0.2,100,79
2013,2,23,10.694,3.8,-5.9,0,100,81
2013,2,24,5.043,1.9,-0.2,9.2,100,97
2013,2,25,7.566,4.5,-0.1,16.6,100,94
2013,2,26,13.281,12,-1.8,0.6,100,48
2013,2,27,12.911,9.9,-2.8,0.6,100,64
2013,2,28,9.851,9.8,2.6,1.2,100,80
2013,3,1,14.551,13.4,-1.9,0.2,100,58
2013,3,2,13.111,12.5,0.4,0,100,62
2013,3,3,15.51,13.8,-2.7,0.2,100,63
2013,3,4,16.135,14.8,-2.6,0.2,100,57
2013,3,5,14.18,10.9,-2.2,0,100,60
2013,3,6,6.873,7.6,4.6,19.8,100,76
2013,3,7,7.41,9.2,5.8,17.2,100,99
2013,3,8,6.561,9.8,7.2,20.6,100,100
2013,3,9,12.291,10.6,1.7,2.2,100,98
2013,3,10,11.574,11.4,3.7,0.6,100,94
2013,3,11,14.564,13.9,2,0.2,100,84
2013,3,12,12.82,12.7,3.7,9.6,100,83
2013,3,13,14.147,13.5,2.8,7.4,100,71
2013,3,14,14.646,11.4,0.2,0,100,31
2013,3,15,16.088,10.3,-2.9,0,76,23
2013,3,16,17.234,10.1,-4.7,0,88,36
2013,3,17,9.824,4.9,0.2,29.4,100,73
2013,3,18,12.212,6.7,-0.4,20.4,100,88
2013,3,19,19.828,15.8,-2.5,0.2,100,32
2013,3,20,13.745,8.8,0.2,0,100,82
2013,3,21,20.546,16.6,-2.2,0.2,100,31
2013,3,22,19.341,15.5,-0.8,0,100,53
2013,3,23,15.081,11.8,2.1,1.6,100,78
2013,3,24,8.334,7.9,5,57.6,100,98
2013,3,25,10.835,9.1,4.3,3.6,100,88
2013,3,26,9.611,6.5,2.8,0,97,77
2013,3,27,10.345,7.9,3.7,0,97,73
2013,3,28,8.532,6.4,3.6,8.8,99,88
2013,3,29,13.029,9.7,3.3,0,100,79
2013,3,30,10.659,8.4,4.2,32.2,100,91
2013,3,31,21.525,16.9,0.1,0,100,38
2013,4,1,10.335,8.2,4.4,0,95,79
2013,4,2,17.177,14.4,4.1,0,97,59
2013,4,3,19.7,16.5,3.2,0,100,53
2013,4,4,11.172,11.1,6.9,11.6,100,79
2013,4,5,12.664,10.7,5.4,10.6,100,90
2013,4,6,16.925,14.2,4.9,0,100,73
2013,4,7,17.165,15.2,5.8,0,100,63
2013,4,8,11.294,8.9,4.9,3,100,80
2013,4,9,15.492,11.9,4.5,0,100,72
2013,4,10,23.678,17.5,0.5,0.2,100,53
2013,4,11,16.067,13.7,6,4.6,100,81
2013,4,12,17.705,18.5,9.3,11.6,100,69
2013,4,13,23.535,21.6,5.6,0.2,100,42
2013,4,14,23.941,22.8,6.5,0,99,45
2013,4,15,23.827,23.9,8,0,100,48
2013,4,16,19.786,23.7,12.9,0,94,50
2013,4,17,22.286,25.3,11.8,0,96,44
2013,4,18,24.592,26.6,10.4,0,100,43
2013,4,19,22.943,24.6,10.7,4.4,100,49
2013,4,20,10.183,11.4,8.7,21.8,100,82
2013,4,21,16.975,16.3,8.9,19.2,100,76
2013,4,22,13.907,15.2,10.3,1.4,99,75
2013,4,23,19.595,20.5,10.9,0,100,55
2013,4,24,21.867,21.7,9.9,0.4,100,44
2013,4,25,24.479,23.4,8.8,0,100,37
2013,4,26,14.124,17.9,13.1,2.6,96,72
2013,4,27,14.062,18,13.3,1,100,85
2013,4,28,17.387,19.2,12.1,23.4,100,70
2013,4,29,11.742,15.3,12.1,25,100,97
2013,4,30,15.761,18.7,13,8.8,100,87
2013,5,1,20.783,23.8,14,5.8,100,57
2013,5,2,23.029,24.6,12.7,0.2,97,54
2013,5,3,21.645,22.1,11.7,0,100,62
2013,5,4,24.699,24,10.6,0,95,44
2013,5,5,23.978,23.5,11,7.4,98,52
2013,5,6,18.667,21,13.5,2.2,99,69
2013,5,7,23.925,23.1,10.9,13,100,53
2013,5,8,24.334,23.7,11.2,0.2,100,53
2013,5,9,21.536,24.9,15.2,0,97,50
2013,5,10,17.015,20.5,14.5,6,100,74
2013,5,11,23.558,23.7,12.3,0.4,100,48
2013,5,12,23.556,23.1,11.8,0,100,34
2013,5,13,24.978,22.2,9.6,0,76,41
2013,5,14,24.065,23.1,11.5,4.8,91,52
2013,5,15,15.379,17.3,12.6,1,95,74
2013,5,16,11.483,13.2,10.6,51.6,100,94
2013,5,17,19.18,19,11.8,6,100,58
2013,5,18,18.707,16.9,10.1,17.2,100,69
2013,5,19,21.717,19.1,10,33.2,100,57
2013,5,20,20.559,19.2,11.1,0.6,98,59
2013,5,21,19.848,18.5,11,2,94,62
2013,5,22,24.331,20,8.8,0.2,100,54
2013,5,23,25.577,23.1,10.8,0.2,82,40
2013,5,24,15.687,15,10.4,5.6,85,53
2013,5,25,16.887,12.5,7.2,6.6,96,59
2013,5,26,28.77,20.7,5.4,0.2,100,33
2013,5,27,25.758,20.5,8.3,0,98,52
2013,5,28,18.556,19.2,12.9,0,92,64
2013,5,29,21.35,18.6,10.3,3,100,41
2013,5,30,25.079,20.8,9.4,2.8,100,36
2013,5,31,15.966,13.5,8.9,0,99,84
2013,6,1,24.287,20.9,10.3,0,99.5,56.5
2013,6,2,30.453,28.3,11.7,0,100,29
2013,6,3,26.048,24.2,12.1,0,95,38
2013,6,4,25.216,25,13.7,0,93,39
2013,6,5,24.348,25.2,14.7,0,92,43
2013,6,6,24.845,25.7,14.8,0,86,46
2013,6,7,23.471,26.6,16.9,0.4,94,49
2013,6,8,24.914,26.4,15.5,0,95,49
2013,6,9,20.132,21.4,14.3,26.6,99,56
2013,6,10,22.438,22.2,13.4,0,99,58
2013,6,11,28.532,27.7,13.5,0.2,100,36
2013,6,12,25.811,28.1,16.5,0,92,35
2013,6,13,26.923,29.1,16.5,0,91,39
2013,6,14,25.4,29.4,18.2,0,97,44
2013,6,15,24.958,29.3,18.5,0,96,57
2013,6,16,25.541,29.2,17.9,0,98,56
2013,6,17,26.44,31.6,19.5,0,100,46
2013,6,18,26.773,33.1,20.7,0,98,43
2013,6,19,24.641,33.2,22.7,0,92,43
2013,6,20,21.103,27.4,19.7,1.2,95,65
2013,6,21,22.814,26.7,17.7,0,97,46
2013,6,22,25.103,28.5,17.6,0,94,42
2013,6,23,23.182,25.9,16.6,1.8,99,58
2013,6,24,25.317,26.3,15.2,0,99,31
2013,6,25,29.319,26.4,11.5,0,94,27
2013,6,26,25.966,25.8,14.1,0,86,32
2013,6,27,22.758,21.9,12.9,0,94,59
2013,6,28,25.706,22.2,10.7,0,100,46
2013,6,29,24.424,22.2,11.8,0.2,100,50
2013,6,30,31.012,28.8,12,0,100,34
2013,7,1,28.681,29,14.6,0.2,99,41
2013,7,2,27.218,28.6,15.6,0,98,43
2013,7,3,22.365,24.8,16,0,100,67
2013,7,4,29.061,29.5,14.6,0,99,43
2013,7,5,28.626,31.8,17.3,0,100,40
2013,7,6,26.641,31.9,19.3,0,97,45
2013,7,7,24.509,30.8,20.1,0,96,46
2013,7,8,24.805,31.1,20.1,0,92,45
2013,7,9,24.072,29.5,19.1,0,93,49
2013,7,10,25.912,31.1,19,0,100,47
2013,7,11,27.514,32.1,18.4,0,98,48
2013,7,12,25.477,30.7,18.9,0,95,50
2013,7,13,23.164,30.3,20.5,0,97,58
2013,7,14,25.992,30.1,17.7,1.2,96,50
2013,7,15,27.349,31.9,18.1,0.2,100,47
2013,7,16,26.372,32,19.1,0,99,53
2013,7,17,23.952,29.1,18.4,3.6,95,54
2013,7,18,16.966,23.1,17.7,34.2,99,75
2013,7,19,27.236,30.3,16.3,0,100,47
2013,7,20,27.728,32.1,17.5,0,100,42
2013,7,21,27.257,32.1,17.9,0.2,100,50
2013,7,22,26.391,32.9,19.5,0,100,44
2013,7,23,27.919,33.8,18.7,0,99,50
2013,7,24,25.006,31.9,19.7,0.6,98,50
2013,7,25,27.068,33.3,18.9,0,100,52
2013,7,26,26.779,34.3,20.1,0,100,50
2013,7,27,25.621,33.8,20.7,0,100,51
2013,7,28,24.526,33,20.9,0,100,48
2013,7,29,20.107,25.2,17,17.6,99,69
2013,7,30,28.317,30.9,14.5,0.4,100,37
2013,7,31,27.761,31.6,15.7,0,100,46
2013,8,1,27.811,33.2,17.1,0.2,100,39
2013,8,2,27.339,33.5,17.8,0.2,100,42
2013,8,3,25.696,34,20,0,100,49
2013,8,4,27.082,34.2,18.5,0,100,48
2013,8,5,25.899,33.6,19.1,0,100,52
2013,8,6,24.773,33.6,20.2,0,100,48
2013,8,7,20.86,30.1,20.5,0.2,100,62
2013,8,8,19.295,24.7,16.4,80.8,100,84
2013,8,9,25.103,29.8,15.6,1.6,100,49
2013,8,10,25.053,29.9,15.6,0,99,41
2013,8,11,25,30.1,15.7,0.2,100,50
2013,8,12,25.115,31.2,16.5,0,100,48
2013,8,13,24.712,31.4,17,0,100,57
2013,8,14,16.631,23.8,17.2,25.6,98,74
2013,8,15,21.819,27.7,16.2,0,100,50
2013,8,16,23.754,28.4,14.6,0,100,45
2013,8,17,24.278,30.1,15.5,0,100,52
2013,8,18,24.205,31.1,16.4,0.2,100,51
2013,8,19,21.36,28.1,16.5,0,100,71
2013,8,20,24.447,30.1,14.7,0,100,34
2013,8,21,23.722,28.2,13.5,0,100,42
2013,8,22,23.876,28.9,13.8,0,100,48
2013,8,23,22.582,29.2,15.5,0,99,49
2013,8,24,20.719,28.8,17.1,19,100,61
2013,8,25,19.852,26.2,15.3,0.8,100,60
2013,8,26,20.239,25.1,13.6,11.2,100,59
2013,8,27,18.824,24.7,14.6,0,100,58
2013,8,28,23.215,28,12.4,0,100,46
2013,8,29,20.369,27.3,15.1,0.2,100,62
2013,8,30,20.454,27.9,15.4,0,100,48
2013,8,31,21.085,27.8,14.3,0,100,54
2013,9,1,20.6,28.9,15.8,0,100,49
2013,9,2,19.875,27.6,15.2,0,99,41
2013,9,3,23.075,29.7,12.7,0,100,52
2013,9,4,21.127,29.5,15,0,100,53
2013,9,5,20.943,29.9,15.4,0,100,56
2013,9,6,20.177,29.5,15.8,0,100,56
2013,9,7,20.572,29.6,15.1,0,98,55
2013,9,8,16.928,27,17,0,97,63
2013,9,9,20.196,28.7,14.2,0,99,39
2013,9,10,19.376,26.3,12.7,4,100,57
2013,9,11,19.333,24.3,10.5,0,100,44
2013,9,12,20.095,24.3,9.1,0,100,48
2013,9,13,20.606,25.3,9,0,100,32
2013,9,14,20.34,24.7,8.5,0,100,51
2013,9,15,11.518,17.2,11.9,24.4,100,93
2013,9,16,16.647,20.9,9.6,0.2,100,77
2013,9,17,19.172,23.5,8.2,0.4,100,29
2013,9,18,18.214,21,6.9,0,100,56
2013,9,19,20.078,25.2,7.7,0,100,98
2013,9,20,16.989,23.9,11.1,0.2,98,60
2013,9,21,19.311,26,9.1,0.2,100,53
2013,9,22,17.134,25.1,11.5,0,100,56
2013,9,23,18.149,25.8,10.2,0.2,100,58
2013,9,24,18.625,26.4,9.6,0,100,54
2013,9,25,16.871,25.1,11,0.2,100,60
2013,9,26,16.738,25.1,10.9,0,100,64
2013,9,27,15.524,25,12.5,0,100,63
2013,9,28,12.503,25.2,16.9,0,100,71
2013,9,29,8.578,18.8,14.8,53,100,93
2013,9,30,7.699,17.1,13.8,0.4,100,94
2013,10,1,9.641,18.7,13.4,0,100,76
2013,10,2,10.467,20.1,13.7,0,100,77
2013,10,3,8.276,16.9,12.8,0,94,73
2013,10,4,8.936,16.4,11.5,0.4,100,71
2013,10,5,9.435,15.8,10.2,5,100,83
2013,10,6,10.711,16.4,9,5.8,100,90
2013,10,7,7.377,16.5,12.9,13.6,100,96
2013,10,8,11.388,18.1,9.3,0.2,100,78
2013,10,9,13.074,20.1,8.2,0,100,73
2013,10,10,12.065,17.3,6.9,7.4,100,88
2013,10,11,14.111,17.8,3.2,4,100,43
2013,10,12,9.848,14,6.7,1.8,96,68
2013,10,13,9.029,13,6.7,0,100,86
2013,10,14,12.298,17.2,5.2,0.2,100,63
2013,10,15,12.034,16.7,4.9,0,100,74
2013,10,16,14.747,22.9,4.7,0,100,43
2013,10,17,14.021,22.5,5.6,0,100,48
2013,10,18,13.119,20.1,4.9,0.2,100,64
2013,10,19,10.91,17.6,6.8,0,100,84
2013,10,20,8.22,15.1,8.8,2,100,94
2013,10,21,7.979,15,8.9,0,100,92
2013,10,22,5.139,15.1,12.5,2.4,100,98
2013,10,23,5.165,15.9,13.2,14,100,98
2013,10,24,5.883,17.5,13.9,0.2,100,98
2013,10,25,8.651,19.1,11.1,1.4,100,87
2013,10,26,10.096,20.7,9.5,0,100,77
2013,10,27,5.646,17.9,14.3,0,100,99
2013,10,28,8.506,21.5,13.1,0,100,69
2013,10,29,7.091,19.2,13.2,0,100,88
2013,10,30,6.994,19.2,13.2,0.2,100,65
2013,10,31,8.589,16,6.7,0.6,100,76
2013,11,1,9.503,16.7,5,0.2,100,73
2013,11,2,6.543,16.5,10.8,0,100,74
2013,11,3,9.287,18,6.2,0.2,100,71
2013,11,4,7.157,12.1,4.9,0.2,100,92
2013,11,5,10.021,17.5,3,0,100,59
2013,11,6,9.887,21.1,6.6,0.2,100,46
2013,11,7,8.42,15.8,5,0,100,81
2013,11,8,4.155,13.6,10.9,0.2,100,98
2013,11,9,8.087,17.2,6.7,0.2,100,76
2013,11,10,6.791,13.2,5.6,0,100,49
2013,11,11,9.323,17.9,3.2,0,72,19
2013,11,12,10.129,17.6,-0.2,0,95,29
2013,11,13,9.513,16.9,0.8,0,100,41
2013,11,14,5.83,12.7,6.5,6.8,100,80
2013,11,15,3.507,7.9,5.6,7.8,100,90
2013,11,16,7.68,15.3,4,0,100,71
2013,11,17,6.582,12.5,4,1,100,74
2013,11,18,3.309,9.4,7.2,1.4,100,100
2013,11,19,3.271,10.6,8.4,2,100,100
2013,11,20,4.727,10.4,5.7,1.4,100,85
2013,11,21,4.918,6.5,1.3,17.4,100,94
2013,11,22,3.633,5.2,2.3,11.8,100,96
2013,11,23,4.766,6.2,1.1,0,100,89
2013,11,24,6.864,12.3,1.5,0.2,100,74
2013,11,25,7.846,13.4,-1,0,100,32
2013,11,26,7.268,9.4,-3.2,0,88,31
2013,11,27,7.084,7.2,-5,0,92,34
2013,11,28,6.754,6.5,-4.8,0,99,55
2013,11,29,7.013,7.2,-5.2,0,100,56
2013,11,30,3.899,1.9,-2,2.6,100,99
2013,12,1,6.553,7.8,-3.4,0.2,100,78
2013,12,2,7.423,11.4,-3.2,0,100,51
2013,12,3,6.978,9.2,-3.9,0.2,100,60
2013,12,4,7.289,9.3,-5.2,0.2,100,70
2013,12,5,7.088,9.3,-4.6,0,100,67
2013,12,6,7.696,13,-3.6,0.2,100,68
2013,12,7,7.391,12.9,-2.6,0.2,100,71
2013,12,8,4.216,1.5,-3.6,0.2,100,100
2013,12,9,5.252,4.1,-3.9,0.2,100,100
2013,12,10,5.666,4.4,-5,0,100,96
2013,12,11,5.58,3.8,-5.4,0.2,100,99
2013,12,12,4.097,-0.3,-5.3,0.2,100,100
2013,12,13,6.633,8,-5.2,0.2,100,85
2013,12,14,7.211,11.5,-4.2,0.2,100,60
2013,12,15,5.624,6.4,-3.2,0,100,89
2013,12,16,6.428,8,-4.6,0.2,100,74
2013,12,17,6.542,8.6,-4.5,0,100,73
2013,12,18,5.505,6,-3.3,0,100,81
2013,12,19,3.276,2.5,-0.8,19.8,100,100
2013,12,20,3.224,4.2,1,12,100,100
2013,12,21,3.908,5.1,0.4,0,100,100
2013,12,22,3.017,6.7,3.9,0.2,100,99
2013,12,23,2.91,7.3,4.7,0.2,100,98
2013,12,24,2.619,6.7,4.6,3.2,100,100
2013,12,25,3.136,7.5,4.5,29.4,100,100
2013,12,26,3.537,8.7,4.9,78.6,100,77
2013,12,27,6.354,12.4,0.2,0,100,65
2013,12,28,4.28,6.3,0.8,9,100,92
2013,12,29,5.962,10,-0.6,0.4,100,80
2013,12,30,6.153,9.8,-1.4,0,100,75
2013,12,31,5.984,8,-2.5,0.2,100,72
2014,1,1,5.926,6.8,-3.4,0.2,100,65
2014,1,2,3.325,2.6,-0.6,3.2,100,99
2014,1,3,3.445,4.9,1.5,0,100,95
2014,1,4,2.723,4.8,2.7,14.4,100,100
2014,1,5,5.609,9.6,0.8,13.2,100,92
2014,1,6,6.37,9.9,-1.3,0.2,100,71
2014,1,7,5.75,8.3,-0.7,0,100,84
2014,1,8,5.887,8.9,-0.4,0.2,100,79
2014,1,9,4.604,7.9,2.3,0,100,86
2014,1,10,4.114,9.4,5,0,100,92
2014,1,11,4.466,8.3,3.2,0,100,100
2014,1,12,7.081,12.1,-0.5,0.2,100,77
2014,1,13,3.246,5.1,2.5,8,100,100
2014,1,14,3.577,5.8,2.7,15,100,91
2014,1,15,3.999,2.6,-1.2,0.4,100,100
2014,1,16,4.395,3.9,-0.6,14.2,100,100
2014,1,17,4.134,3.1,-0.8,13.8,100,100
2014,1,18,3.54,4.9,2.1,19.6,100,100
2014,1,19,3.765,6.2,3.1,7.2,100,99
2014,1,20,5.679,10.5,3.6,0,100,93
2014,1,21,7.542,13.9,2,0,100,70
2014,1,22,6.78,11.3,1.9,0,100,74
2014,1,23,6.407,10,1.8,0,100,80
2014,1,24,7.372,11,0.4,0,100,35
2014,1,25,8.038,10.4,-1.9,0,99,41
2014,1,26,8.681,12.3,-1.7,0,99,43
2014,1,27,6.768,7.2,-1.1,0,100,80
2014,1,28,7.137,5.6,-3.4,0,100,85
2014,1,29,5.494,1.7,-3.5,10.8,100,96
2014,1,30,3.452,1.1,-0.9,21.6,100,100
2014,1,31,5.799,4.7,-0.8,7,100,100
2014,2,1,5.373,5,0.4,3.6,100,91
2014,2,2,5.325,7.8,3.4,1.2,100,97
2014,2,3,4.149,7.3,4.7,30.2,100,98
2014,2,4,4.441,7.6,4.7,6.2,100,93
2014,2,5,4.874,6.6,3.2,19.8,100,97
2014,2,6,8.127,10,0.8,0,100,84
2014,2,7,5.082,5,1.5,14,100,98
2014,2,8,6.632,4.8,-1,2,100,98
2014,2,9,9.509,14,2.4,0.4,100,40
2014,2,10,4.476,5.2,2.7,19.4,100,88
2014,2,11,9.211,10.2,-0.1,0,100,80
2014,2,12,11.233,15,0.1,0,100,39
2014,2,13,7.106,5.8,0,0,99,85
2014,2,14,10.952,12.5,-0.9,0.2,100,41
2014,2,15,7.115,7.1,1.6,0,99,87
2014,2,16,5.996,7.9,4.1,2,100,88
2014,2,17,8.598,12.9,5.3,1.6,100,75
2014,2,18,8.718,11.5,3.9,0.2,100,85
2014,2,19,7.098,10.2,5.3,3.4,100,91
2014,2,20,10.484,11.9,1.5,0.2,100,82
2014,2,21,9.145,12.4,4.7,0,100,73
2014,2,22,12.412,14.9,1.1,0.2,100,29
2014,2,23,11.131,13.1,2.3,0,100,58
2014,2,24,12.893,14.2,0.1,0.2,100,42
2014,2,25,12.692,13.1,-0.2,0,100,50
2014,2,26,5.35,6.7,4.4,23.2,100,95
2014,2,27,9.254,10.3,3.6,0,100,79
2014,2,28,8.262,7.6,2.4,24.2,100,98
2014,3,1,6.252,6,3.1,40.4,100,99
2014,3,2,10.782,12.6,4.2,9.8,100,71
2014,3,3,8.595,8.7,3.5,19.4,100,89
2014,3,4,11.455,14,5,14.2,98,60
2014,3,5,13.399,16.8,4.8,0,98,39
2014,3,6,14.607,18.5,4.6,0,92,29
2014,3,7,16.069,18.5,2.1,0,94,36
2014,3,8,14.982,16.5,2.6,0,99,55
2014,3,9,15.707,17.1,2.2,0,100,48
2014,3,10,14.911,14.8,1.7,0.2,100,50
2014,3,11,14.687,14.9,2.5,0,100,55
2014,3,12,17.357,19.2,2.3,0,99,38
2014,3,13,17.515,19.5,2.7,0,98,41
2014,3,14,17.136,19.6,3.9,0.2,100,39
2014,3,15,17.614,19.9,3.7,0,99,47
2014,3,16,19.453,24.2,4.9,0,98,40
2014,3,17,19.527,24.9,5.9,0,96,33
2014,3,18,17.016,20.1,6,0,100,57
2014,3,19,19.445,24.4,6.4,0.2,100,34
2014,3,20,13.273,16.5,8.3,0,100,70
2014,3,21,15.331,19,8.3,0,100,59
2014,3,22,13.234,15.3,7.5,0.4,100,74
2014,3,23,10.924,10.8,5.6,15.2,100,73
2014,3,24,18.118,16,2,0,96,25
2014,3,25,13.755,11,3.1,0.8,97,62
2014,3,26,11.385,9.7,4.4,2.6,98,76
2014,3,27,14.133,13.7,5.7,0.8,97,52
2014,3,28,20.38,18.7,2.4,0,98,36
2014,3,29,20.075,19.6,4.1,0,96,37
2014,3,30,20.6,21.3,5.3,0,93,32
2014,3,31,21.062,22.2,5.8,0,98,30
2014,4,1,19.438,19.4,5.7,0,99,56
2014,4,2,18.366,18.9,6.9,0,100,59
2014,4,3,16.145,16.7,7.6,0,100,67
2014,4,4,13.878,16.8,10.2,0.2,99,66
2014,4,5,18.567,21.1,9.5,0,95,47
2014,4,6,22.412,24.4,7.8,0,100,36
2014,4,7,22.13,24.4,8.5,0,98,36
2014,4,8,17.704,19.8,9.8,0,98,64
2014,4,9,23.008,23.7,7.1,1.2,99,19
2014,4,10,22.566,23.4,7.7,0,93,33
2014,4,11,22.827,22.6,6.8,0,100,40
2014,4,12,19.028,21.9,11.1,0,82,47
2014,4,13,18.086,22.3,12.7,0,85,47
2014,4,14,21.295,23.2,10.1,0,96,46
2014,4,15,22.028,20.6,6.8,0,100,14
2014,4,16,23.45,18.9,3.5,0,76,19
2014,4,17,24.382,19.6,3.2,0,81,21
2014,4,18,22.533,17.8,4,0,92,38
2014,4,19,15.697,11.7,5.1,45.2,100,87
2014,4,20,21.139,18.6,6.8,1.6,100,58
2014,4,21,9.993,13,10.4,7.8,100,90
2014,4,22,20.22,19.8,9.3,0,100,60
2014,4,23,23.591,23.5,9.4,0,100,49
2014,4,24,23.999,24.9,10.5,0,98,44
2014,4,25,21.016,23.6,12.7,0,93,47
2014,4,26,24.056,25,10.9,0,96,39
2014,4,27,15.525,17.3,11.5,7.2,98,64
2014,4,28,10.658,12.7,10,8.4,100,85
2014,4,29,23.07,21.6,9.1,0.8,100,51
2014,4,30,13.452,14.7,10.5,8,100,85
2014,5,1,24.524,21.5,7.7,0.2,100,49
2014,5,2,14.239,15.2,10.6,14,100,76
2014,5,3,23.029,20.8,8.9,0,100,59
2014,5,4,23.347,22.7,10.6,0,96,27
2014,5,5,23.373,23,11,0,88,40
2014,5,6,19.656,20.7,12.3,0,85,59
2014,5,7,17.244,20.5,14.1,2,92,67
2014,5,8,24.506,22.5,9.7,0.2,98,47
2014,5,9,24.72,25.7,12.8,0,90,47
2014,5,10,23.245,25.3,14,0,99,50
2014,5,11,23.658,25.2,13.6,0,99,25
2014,5,12,23.866,21.8,10.1,0,80,29
2014,5,13,20.905,19.6,10.7,0,85,41
2014,5,14,26.703,22.9,8.5,0,86,23
2014,5,15,25.081,21.9,9.3,0,75,28
2014,5,16,28.197,24.6,8.8,0,75,22
2014,5,17,25.477,24.1,11.3,0,74,25
2014,5,18,24.657,23.3,11.4,0,91,37
2014,5,19,20.915,20.3,11.8,0,97,48
2014,5,20,21.717,23.1,14,0,88,53
2014,5,21,23.407,25.2,14.7,0,95,48
2014,5,22,19.715,23.1,15.7,15.8,98,63
2014,5,23,21.445,23.8,15.1,0,96,48
2014,5,24,24.623,25.2,13.8,0,91,41
2014,5,25,25.548,25,12.8,0,95,36
2014,5,26,20.747,21.8,13.8,4.8,97,59
2014,5,27,23.605,23,12.7,4.4,98,51
2014,5,28,23.782,23.5,13.1,2.2,95,56
2014,5,29,26.86,25.5,12.3,0.2,99,38
2014,5,30,28.122,27.6,13.2,0.4,97,31
2014,5,31,22.53,23.5,14.3,0.4,96,46
2014,6,1,25.024,24.7,13.4,0,85,41
2014,6,2,23.352,24.2,14.4,0.6,90,47
2014,6,3,24.449,25.7,15,1,93,42
2014,6,4,21.18,22.9,14.9,23,97,57
2014,6,5,26.201,25.5,13.3,0,99,48
2014,6,6,25.92,27.4,15.5,0,93,45
2014,6,7,28.158,29.6,15.6,0,96,45
2014,6,8,29.285,32.3,17.2,0,100,40
2014,6,9,27.521,33.1,19.8,0,95,43
2014,6,10,26.713,33.1,20.6,0,92,38
2014,6,11,29.001,34,19.3,0,95,37
2014,6,12,28.532,34.2,20,0,90,34
2014,6,13,25.922,32.1,20.4,0,85,43
2014,6,14,27.66,29.2,15.9,5.2,96,47
2014,6,15,17.473,21.6,16.3,15.8,99,69
2014,6,16,22.01,24.5,16.1,0,88,49
2014,6,17,19.52,22.9,16.3,1,90,53
2014,6,18,22.929,25.2,16.1,0,91,38
2014,6,19,28.244,27.9,14.1,0,95,38
2014,6,20,28.453,28.7,14.7,0,97,43
2014,6,21,25.337,27.4,16.3,0,100,54
2014,6,22,24.287,28.9,18.7,0,96,59
2014,6,23,22.037,27.9,19.5,0,99,59
2014,6,24,24.396,28.4,18.1,0,100,65
2014,6,25,20.531,25.1,17.8,6.6,99,75
2014,6,26,19.215,24.4,18,8,99,75
2014,6,27,23.52,27.3,17.7,0.2,98,59
2014,6,28,20.071,25.5,18.5,0,98,73
2014,6,29,20.198,23.4,16.3,0,93,73
2014,6,30,28.135,27.7,13.9,0,99,34
2014,7,1,23.198,25.6,16.2,4.2,97,55
2014,7,2,19.853,23.7,16.8,2.8,99,77
2014,7,3,26.151,27.7,15.7,0,100,52
2014,7,4,18.621,21.6,15.5,11,98,77
2014,7,5,28.17,29,15,0.2,99,52
2014,7,6,24.475,28.7,18.1,5,100,64
2014,7,7,24.779,26.4,15.5,25.2,99,77
2014,7,8,19.538,22.6,15.8,26.8,100,68
2014,7,9,26.336,25.8,13.4,6.6,100,44
2014,7,10,23.605,25,15,0,100,59
2014,7,11,28.851,29.9,14.9,0.8,100,53
2014,7,12,22.176,26.7,17.8,1.2,97,59
2014,7,13,21.238,25.2,17,0.2,100,72
2014,7,14,25.31,28.3,16.6,0.2,100,51
2014,7,15,25.675,29.9,17.8,0,100,54
2014,7,16,26.34,31.2,18.4,0,100,48
2014,7,17,27.276,32,18.2,0,99,57
2014,7,18,25.68,31.6,19.3,0,100,57
2014,7,19,24.105,31.4,20.5,0,100,58
2014,7,20,20.845,27.2,19,2.4,99,78
2014,7,21,23.848,26.9,16.1,0.2,100,55
2014,7,22,22.295,26.8,17.3,0.4,100,74
2014,7,23,22.569,28.2,18.4,1.6,100,74
2014,7,24,19.278,25.2,18,4.4,100,71
2014,7,25,24.172,27.5,16.1,17.2,100,64
2014,7,26,19.665,24.5,16.9,9.6,100,72
2014,7,27,23.888,28.3,17,0,100,61
2014,7,28,24.213,29.1,17.4,26,100,61
2014,7,29,17.27,21.5,15.5,14.6,100,80
2014,7,30,20.472,23,14.5,0.4,100,78
2014,7,31,27.706,30.4,14.7,0,100,58
2014,8,1,20.298,28,19.5,1,100,63
2014,8,2,14.703,22.1,17.6,7.4,100,85
2014,8,3,20.234,24.9,16.3,2.2,100,69
2014,8,4,26.241,28.8,14.2,16.2,100,63
2014,8,5,25.482,29.5,15.6,0.2,100,54
2014,8,6,23.756,29.2,17,0,100,52
2014,8,7,24.022,30.1,17.5,0,100,54
2014,8,8,22.023,29.3,18.6,7.8,100,60
2014,8,9,22.112,28.9,18,0.2,100,64
2014,8,10,19.422,27.6,19.1,0.2,100,70
2014,8,11,20.42,28.8,19.3,0,100,71
2014,8,12,21.85,30.3,19.3,0.4,100,63
2014,8,13,18.177,25,17.3,13.4,100,74
2014,8,14,24.453,27.9,13.8,0,100,38
2014,8,15,20.471,25.9,15.9,0,100,56
2014,8,16,22.839,25.3,12.7,5.6,100,50
2014,8,17,23.494,26.5,13,0,100,45
2014,8,18,20.293,25.8,15.6,0,100,56
2014,8,19,17.967,22.8,14.7,0.4,100,83
2014,8,20,18.285,24.5,16,0.2,100,75
2014,8,21,23.309,27.3,13.3,0.2,100,48
2014,8,22,20.982,26.2,14.7,0,100,63
2014,8,23,17.379,24.3,16.3,12.4,100,66
2014,8,24,22.664,26.8,13,0.2,100,46
2014,8,25,17.239,22.1,14,0.6,100,69
2014,8,26,15.33,22.7,16.2,0.2,100,77
2014,8,27,23.573,28.9,13.3,0,100,51
2014,8,28,18.731,24.5,14.5,7.8,100,72
2014,8,29,21.11,27.3,14.4,0.2,100,62
2014,8,30,19.776,28.6,17.1,0,100,59
2014,8,31,19.448,28.2,16.9,0,100,57
2014,9,1,21.701,27.6,13.3,0,100,35
2014,9,2,24.08,27.9,10,0,100,32
2014,9,3,18.376,21.4,10.8,0,100,71
2014,9,4,18.048,25.1,14.7,0,100,60
2014,9,5,16.081,23.6,15.2,0.4,100,73
2014,9,6,21.23,28.3,13.4,0,100,56
2014,9,7,19.806,28.5,15.3,0,100,57
2014,9,8,19.177,28.8,16.2,0,100,61
2014,9,9,17.264,27.8,17.4,1.2,100,67
2014,9,10,15.734,24.3,15.5,0.2,100,78
2014,9,11,17.426,25.8,14.8,2,100,60
2014,9,12,18.178,25,12.8,0,100,42
2014,9,13,21.314,28.1,11,0,100,37
2014,9,14,18.543,25.4,12.2,0,100,58
2014,9,15,17.938,25.7,13.1,1.8,100,57
2014,9,16,15.582,24.4,14.7,6.4,100,70
2014,9,17,14.607,23.1,14.4,0,100,73
2014,9,18,8.054,17.6,14.9,1.2,99,96
2014,9,19,8.54,17.9,14.8,0.6,100,97
2014,9,20,15.101,24.8,14.9,0.4,100,69
2014,9,21,17.382,26.3,12.9,0.2,100,67
2014,9,22,19.081,27.8,11.3,0,100,34
2014,9,23,17.692,23.1,8.6,0,99,43
2014,9,24,16.758,20.8,7.5,0,100,49
2014,9,25,18.513,24.9,8.3,0,99,35
2014,9,26,17.574,23.5,8.2,0,100,52
2014,9,27,18.152,25.4,8.7,0,100,52
2014,9,28,15.709,24,11.2,0,100,58
2014,9,29,16.864,25.3,10.2,0,100,55
2014,9,30,12.504,22,13.5,4,100,80
2014,10,1,13.335,23.4,13.5,1.2,100,70
2014,10,2,14.806,24.6,12.1,0,100,61
2014,10,3,15.48,24.2,10.2,0,100,52
2014,10,4,14.275,23.4,11.2,0,100,50
2014,10,5,13.63,22.9,11.5,0,99,50
2014,10,6,11.692,20,11.4,3.6,100,66
2014,10,7,6.705,15.2,12.3,3.4,100,97
2014,10,8,7.678,17.3,13.4,1,99,96
2014,10,9,7.182,17.8,14.3,0,100,96
2014,10,10,7.191,18.7,15.1,0,100,94
2014,10,11,8.613,20.4,15.1,0.2,100,91
2014,10,12,8.421,19.7,14.5,0.4,100,91
2014,10,13,8.151,18.1,13.1,14.8,100,97
2014,10,14,6.73,17.2,13.7,0.2,100,91
2014,10,15,11.114,22.4,12.6,0.6,100,58
2014,10,16,12.286,23,10.7,0,100,63
2014,10,17,13.117,25.3,10.9,0.2,100,51
2014,10,18,11.815,25,13,0,100,63
2014,10,19,11.059,23.3,12.5,0,100,76
2014,10,20,10.654,22.1,11.8,0.2,100,74
2014,10,21,10.2,23.1,13.4,0,100,69
2014,10,22,12.471,17.5,2.6,0,85,22
2014,10,23,15.184,23.3,0.6,0,94,21
2014,10,24,14.542,22.5,1.1,0,100,22
2014,10,25,10.651,16.8,5,0,100,67
2014,10,26,10.813,17.3,4.8,0,100,58
2014,10,27,10.96,16.5,3.3,0.2,100,57
2014,10,28,10.973,16.5,2.9,0,100,54
2014,10,29,11.555,15.7,0.2,0.2,100,54
2014,10,30,11.323,15.7,0.4,0,100,59
2014,10,31,11.314,16.8,1.1,0.2,100,60
2014,11,1,11.849,19.6,1.9,0.2,100,47
2014,11,2,11.319,18.7,2.1,0,100,48
2014,11,3,8.313,15.7,6.5,5.4,100,74
2014,11,4,5.923,14.6,9.8,44.4,100,88
2014,11,5,4.918,13.2,9.8,39.2,100,100
2014,11,6,7.11,13.2,5.9,0.8,100,88
2014,11,7,10.288,18.4,2.7,0,100,64
2014,11,8,9.757,18.8,4.3,0,100,57
2014,11,9,5.93,14.4,8.9,6,100,90
2014,11,10,3.056,11.3,9.8,27,100,100
2014,11,11,4.674,13.6,10,23.4,100,100
2014,11,12,4.484,13.6,10.2,36.2,100,100
2014,11,13,7.592,17.8,7.8,12.6,100,75
2014,11,14,7.033,15.9,7.1,7,100,81
2014,11,15,4.855,12.5,8.2,67,100,100
2014,11,16,7.24,15.2,5.4,7.8,100,73
2014,11,17,4.335,9.9,6.3,13.4,100,100
2014,11,18,7.245,12.9,2.6,0,100,76
2014,11,19,7.533,12.9,1.5,0.2,100,80
2014,11,20,7.829,13.3,0.7,0,100,62
2014,11,21,6.721,10.7,1.2,0,100,82
2014,11,22,5.706,11.2,4.2,0,100,76
2014,11,23,6.435,12.1,3,0,100,82
2014,11,24,6.08,13.3,5,0,100,86
2014,11,25,5.116,12.3,6.3,6.4,100,94
2014,11,26,3.868,10,6.5,1.4,100,100
2014,11,27,2.896,7.8,5.8,4.4,100,100
2014,11,28,3.684,9.6,6.3,16.2,100,100
2014,11,29,3.594,12,8.8,5.8,100,100
2014,11,30,2.672,12,10.2,15.6,100,100
2014,12,1,3.184,13.3,10.7,35,100,100
2014,12,2,2.769,11.5,9.5,6.8,100,100
2014,12,3,3.308,11.1,8.2,2,100,96
2014,12,4,3.226,10.4,7.6,0.4,100,100
2014,12,5,3.78,10.8,6.9,0,100,99
2014,12,6,3.706,11.6,7.8,1.4,100,100
2014,12,7,5.342,11.2,3.2,0,100,91
2014,12,8,3.983,5.9,1.4,0.2,100,100
2014,12,9,6.106,11.2,0.5,0,100,68
2014,12,10,5.723,7.7,-1.8,0.6,100,72
2014,12,11,4.412,4,-1.7,0,100,100
2014,12,12,4.936,4.3,-2.9,0,100,93
2014,12,13,4.014,7.8,3,0,99,77
2014,12,14,1.915,4.8,3.7,0.8,100,98
2014,12,15,2.935,7.7,5.1,13.2,100,100
2014,12,16,4.802,9.6,2.6,10.8,100,100
2014,12,17,5.248,7.7,-0.7,0.2,100,100
2014,12,18,5.885,10.2,-0.4,0,100,90
2014,12,19,6.508,11.9,-1.1,0,100,83
2014,12,20,3.951,4.4,-0.4,0.4,100,100
2014,12,21,3.605,2.3,-1.7,0.4,100,100
2014,12,22,4.452,3.9,-2.2,0.2,100,100
2014,12,23,4.49,4.5,-1.7,0.4,100,100
2014,12,24,4.346,5.8,0,0,100,91
2014,12,25,5.856,10.3,-0.2,0,100,81
2014,12,26,6.477,11.4,-1.4,0,100,38
2014,12,27,3.629,1.5,-2.5,0.2,100,89
2014,12,28,6.249,8.2,-3.6,0,100,52
2014,12,29,5.828,6.4,-3.8,0,100,42
2014,12,30,5.494,4.5,-4.5,0,100,63
2014,12,31,5.265,2.5,-5.7,0,100,87
2015,1,1,6.125,4.7,-6.3,0,100,80
2015,1,2,6.036,6.1,-4.45,0,100,83
2015,1,3,5.938,7.5,-2.6,0,100,86
2015,1,4,8.446,17.6,-2.6,0,100,33
2015,1,5,7.372,11.5,-3.7,0,100,53
2015,1,6,6.454,7.3,-4.2,0,100,68
2015,1,7,6.499,8.1,-3.4,0,100,82
2015,1,8,5.357,6.8,-0.9,0,100,91
2015,1,9,6.933,9.6,-3.1,0,100,76
2015,1,10,7.468,13.4,-1.1,0,100,82
2015,1,11,7.239,12.8,-0.6,0,100,38
2015,1,12,7.955,13.2,-2.7,0,100,40
2015,1,13,5.513,6.2,-1.3,0,100,84
2015,1,14,7.039,10.6,-1.4,0,100,69
2015,1,15,5.693,5,-2.7,0,100,95
2015,1,16,3.073,5.4,3.2,4,100,100
2015,1,17,4.819,6.5,1.2,9.2,100,99
2015,1,18,6.855,9.1,-1.4,0.2,100,80
2015,1,19,5.817,6,-1.4,0,100,96
2015,1,20,7.005,8.8,-1.7,0,100,77
2015,1,21,5.081,2.7,-2.7,24.8,100,100
2015,1,22,5.417,6.2,0.2,2.6,100,100
2015,1,23,8.129,11.8,-1.4,0.2,100,80
2015,1,24,7.909,9.7,-2.5,0.2,100,75
2015,1,25,7.532,10.6,-0.2,0,92,38
2015,1,26,7.554,7,-3.6,0,100,73
2015,1,27,7.466,6.4,-3.7,0,100,65
2015,1,28,7.854,7.7,-3.2,0,100,66
2015,1,29,6.51,3.6,-3.7,0.2,100,89
2015,1,30,8.525,10.4,-1.8,1.4,100,42
2015,1,31,8.126,6.5,-4.3,0,100,65
2015,2,1,9.033,8.3,-4.7,0,100,64
2015,2,2,9.154,8.8,-4.2,0,100,53
2015,2,3,5.753,2,-3,0,100,98
2015,2,4,6.648,6.4,-0.1,0,100,87
2015,2,5,6.027,4.3,-0.9,9,100,100
2015,2,6,4.236,1.7,-0.8,30.6,100,100
2015,2,7,6.925,3.8,-2.7,1.4,100,98
2015,2,8,9.539,8.7,-3.3,0,100,40
2015,2,9,9.385,8.4,-2.9,0,100,64
2015,2,10,10.515,11.1,-2.7,0,100,73
2015,2,11,10.467,10.8,-2.5,0,100,70
2015,2,12,10.039,9.4,-2.5,0.2,100,88
2015,2,13,8.135,6.7,-0.9,0.2,100,88
2015,2,14,5.832,4.2,0.4,17.8,100,97
2015,2,15,6.507,4.4,-0.2,18.4,100,100
2015,2,16,7.782,9.5,3.1,5,100,98
2015,2,17,10.391,13.3,2.2,0,100,78
2015,2,18,10.247,11.2,0.7,0,100,66
2015,2,19,11.381,10.8,-1.8,0.2,100,77
2015,2,20,11.493,10.6,-1.9,0.2,100,83
2015,2,21,6.754,5.8,1.6,24.4,100,100
2015,2,22,11.031,12.3,1.4,11.8,100,61
2015,2,23,11.183,9.9,-1,0,100,76
2015,2,24,9.403,8,0.5,0.2,100,53
2015,2,25,13.161,14.6,0.3,0,100,26
2015,2,26,13.386,12.3,-2.1,0,100,56
2015,2,27,12.281,12.2,0.4,0,100,51
2015,2,28,11.571,12.5,2.3,0,100,47
2015,3,1,13.737,13.9,-0.1,0,100,53
2015,3,2,11.586,13.1,3.4,0,100,86
2015,3,3,14.5,15.2,0.4,0,100,36
2015,3,4,11.953,10.7,0.9,0,100,44
2015,3,5,12.829,13,2,0,64,22
2015,3,6,15.963,14.3,-2.3,0,99,25
2015,3,7,13.973,11.9,-0.5,0,100,38
2015,3,8,15.922,13.3,-2.4,0,100,45
2015,3,9,15.17,12.8,-1.1,0,100,46
2015,3,10,17.43,16.1,-1.8,0,100,44
2015,3,11,17.745,19.6,1.5,0,100,37
2015,3,12,16.242,15.9,1.1,0,100,32
2015,3,13,17.774,16,-1.3,0,100,33
2015,3,14,11.923,12.6,5,0,99,44
2015,3,15,10.985,11.6,5.3,4.8,100,55
2015,3,16,7.409,7.2,4.4,27,100,100
2015,3,17,11.244,10.2,3.9,14,100,100
2015,3,18,17.374,16.1,1.4,0,100,68
2015,3,19,14.127,16.1,6.6,0,100,70
2015,3,20,13.905,15.5,6.5,0,100,47
2015,3,21,12.132,14.4,7.7,1,100,55
2015,3,22,7.641,9.1,6.5,10,100,99
2015,3,23,17.47,16.2,2.9,0,100,59
2015,3,24,10.272,12.2,7.7,4.2,100,89
2015,3,25,11.266,11.6,6.3,23.4,100,100
2015,3,26,14.753,16.2,7.3,0.8,100,84
2015,3,27,18.359,19,5.5,0,100,29
2015,3,28,21.238,20,2.3,0,98,30
2015,3,29,19.283,18.9,4.6,0,100,42
2015,3,30,21.109,22.5,5.7,0,100,39
2015,3,31,22.43,24.2,5.6,0,100,29
2015,4,1,18.267,18.6,6.5,0,56,19
2015,4,2,22.431,19.6,1.7,0,97,27
2015,4,3,18.998,16.7,4.1,0,100,41
2015,4,4,13.232,12.6,6.6,1.6,100,63
2015,4,5,14.93,11.8,4.3,1,100,65
2015,4,6,20.802,14.9,0.6,0,97,29
2015,4,7,20.164,16.4,3.2,0,94,21
2015,4,8,25.717,21,-0.1,0,100,22
2015,4,9,23.825,21.6,3.8,0,97,24
2015,4,10,23.063,21.7,5.3,0,100,32
2015,4,11,22.39,21.1,5.9,0,100,38
2015,4,12,24.222,23.1,5.6,0,100,36
2015,4,13,25.643,26.1,6.8,0,100,30
2015,4,14,25.307,27.2,8.7,0,100,18
2015,4,15,24.806,26,8.5,0,86,25
2015,4,16,22.117,21.2,7.5,0,99,52
2015,4,17,14.992,17.4,11.2,15.8,100,83
2015,4,18,21.186,20.6,8.4,1,100,73
2015,4,19,17.173,15.5,7.6,0,100,44
2015,4,20,26.469,22.4,3.9,0,100,28
2015,4,21,26.365,24.9,6.8,0,100,30
2015,4,22,26.401,26.7,8.8,0,100,23
2015,4,23,22.825,22.5,9.3,0,100,39
2015,4,24,24.657,23.5,8.3,0,99,44
2015,4,25,12.889,15.8,11.7,0.2,100,82
2015,4,26,15.823,17.5,11.4,4.8,100,89
2015,4,27,10.593,14.4,11.7,56,100,92
2015,4,28,21.61,22.2,11.1,2.8,100,37
2015,4,29,20.112,18.5,9,0,93,55
2015,4,30,20.443,19.5,9.8,0,100,69
2015,5,1,14.159,15.7,11.1,0,100,91
2015,5,2,22.317,23.2,11.9,0,100,61
2015,5,3,13.183,18.9,15,0.4,99,80
2015,5,4,18.01,21.6,14.4,0,96,78
2015,5,5,19.084,23.5,15.5,0,92,78
2015,5,6,21.339,25.4,15.5,0,91,69
2015,5,7,22.811,25,13.8,0,95,67
2015,5,8,20.889,24.3,15,3.6,93,74
2015,5,9,25.66,26.4,12.5,0,93,42
2015,5,10,26.422,27.1,12.5,0,94,31
2015,5,11,26.084,27.6,13.5,0,95,41
2015,5,12,23.558,27.2,15.8,0,92,48
2015,5,13,24.071,27.7,15.9,0,91,46
2015,5,14,25.274,27.1,14.2,0,93,59
2015,5,15,20.356,19.5,11.2,39.8,93,74
2015,5,16,26.448,25.2,11.3,9,95,66
2015,5,17,24.462,27.4,15.6,0,90,43
2015,5,18,23.162,26.9,16.4,0,90,50
2015,5,19,22.111,24.7,15.2,0,89,65
2015,5,20,21.477,19.8,10.9,36,91,82
2015,5,21,20.045,16.9,9.2,2.4,92,63
2015,5,22,25.106,22.7,10.7,0,93,42
2015,5,23,24.223,21.8,10.7,0,91,62
2015,5,24,25.68,23.1,10.7,0,90,50
2015,5,25,23.014,24.4,14.5,0.4,88,57
2015,5,26,23.311,23.2,13.1,21.6,89,59
2015,5,27,26.824,24.6,11.3,0,90,36
2015,5,28,25.117,24.2,12.6,0,88,52
2015,5,29,25.396,24.8,13,0,88,53
2015,5,30,24.241,25.3,14.6,0.2,87,65
2015,5,31,21.909,23.6,14.9,0,86,72
2015,6,1,24.236,27.1,16.5,2.6,84,61
2015,6,2,26.268,29,16.6,0,83,48
2015,6,3,27.156,30.6,17.4,0,80,50
2015,6,4,28.019,32.8,18.8,0,81,41
2015,6,5,27.765,33.5,19.8,0,83,42
2015,6,6,26.565,33.2,20.7,0.4,82,56
2015,6,7,26.285,32.3,20.1,0,84,57
2015,6,8,22.982,30.1,20.8,0,89,46
2015,6,9,20.804,26.2,18.6,3.6,86,64
2015,6,10,23.288,26.9,17.4,6.4,82,63
2015,6,11,28.503,30.1,15.9,1.6,81,48
2015,6,12,19.599,24.7,18,4.8,83,62
2015,6,13,21.301,23.9,16,10,81,61
2015,6,14,16.96,22.4,17.4,3.2,100,65
2015,6,15,24.121,26.3,16.2,0.6,97,48
2015,6,16,21.48,25,17,0.6,80,45
2015,6,17,25.654,26.4,15,0.6,77,46
2015,6,18,25.888,27.3,15.7,0,80,39
2015,6,19,24.87,28.8,18.1,0,77,40
2015,6,20,24.874,26.9,16.2,0,79,45
2015,6,21,25.789,25.7,14.2,0,79,48
2015,6,22,25.788,27.4,15.9,0,85,46
2015,6,23,23.312,26.8,17.4,0,84,36
2015,6,24,24.749,25.1,14.5,0,83,52
2015,6,25,26.103,26.2,14.4,0,81,47
2015,6,26,27.804,29,15.6,0,81,43
2015,6,27,27.58,30.8,17.6,0,80,45
2015,6,28,27.247,30.4,17.5,0,82,46
2015,6,29,24.563,29.5,19,0,85,43
2015,6,30,26.236,30.7,18.7,0,80,41
2015,7,1,27.593,32.6,19.3,0,79,32
2015,7,2,27.04,33.2,20.4,0.2,82,33
2015,7,3,25.6,33.5,22,0,84,27
2015,7,4,25.898,32.5,20.7,0,83,31
2015,7,5,26.724,34.4,21.8,0,81,31
2015,7,6,27.312,35.9,22.7,0,79,34
2015,7,7,24.892,34.8,23.8,0,78,25
2015,7,8,25.518,33.4,21.8,0,82,19
2015,7,9,26.965,30.7,17.7,0,82,38
2015,7,10,26.179,30,17.7,0,85,45
2015,7,11,27.773,31.2,17.3,0,82,37
2015,7,12,26.904,32.8,19.7,0,83,35
2015,7,13,25.906,32.6,20.4,0,81,41
2015,7,14,27.587,33.9,20,0,83,42
2015,7,15,25.675,33.7,21.6,0,84,41
2015,7,16,25.29,34.4,22.6,0,82,42
2015,7,17,26.978,34.7,21.2,0,85,25
2015,7,18,28.169,34.8,20,0,81,48
2015,7,19,28.088,34.1,19.3,0,85,37
2015,7,20,27.333,34.8,20.7,0,81,33
2015,7,21,27.537,35.3,20.9,0,81,52
2015,7,22,26.675,35.8,22.2,0,87,49
2015,7,23,25.489,33.9,21.4,0,85,57
2015,7,24,26.202,33.5,20.2,0,84,54
2015,7,25,25.413,31.9,19.3,6.2,84,46
2015,7,26,25.219,29.8,17.3,0,88,55
2015,7,27,25.325,31.3,18.6,0,83,47
2015,7,28,25.523,31.4,18.4,0,85,51
2015,7,29,24.526,31.1,19,0.2,83,30
2015,7,30,23.499,28.5,17.3,0.8,86,39
2015,7,31,22.441,28.4,18.1,0.4,89,51
2015,8,1,15.876,21.4,16.2,2.8,89,49
2015,8,2,27.112,29.4,14.1,0.2,86,13
2015,8,3,26.723,31.5,16.5,0,86,34
2015,8,4,25.326,32.1,18.5,0,85,42
2015,8,5,26.383,33.3,18.4,0,82,44
2015,8,6,26.165,35.3,20.5,0,82,51
2015,8,7,26.729,35.5,19.9,0,85,50
2015,8,8,26.076,35.4,20.4,0,87,51
2015,8,9,23.774,31.8,19.2,3.2,90,56
2015,8,10,19.873,26.7,17.8,20.2,86,27
2015,8,11,25.314,32,17.4,2.6,81,25
2015,8,12,26.187,33.8,18,0,81,31
2015,8,13,25.955,35.4,19.7,0,79,39
2015,8,14,19.318,26,17.2,8.2,90,39
2015,8,15,17.127,22.2,15.2,44.2,81,19
2015,8,16,22.748,26.2,13.7,5.2,86,4
2015,8,17,24.599,28.8,14,4,82,25
2015,8,18,20.687,26.5,15.9,4,99,42
2015,8,19,21.778,26.7,14.8,6.6,97,96
2015,8,20,24.209,28.2,13.3,12,83.43271539,47.57316
2015,8,21,20.755,27.4,16.3,0,85.24579016,48.83812
2015,8,22,21.073,27.7,16.1,0,84.55975797,48.36376
2015,8,23,13.601,19.7,14.8,0,100,61.01336
2015,8,24,11.893,18.8,15,14.8,100,62.43644
2015,8,25,21.33,26.9,14.5,8.8,86.40604394,49.62872
2015,8,26,22.975,28.6,14,0,82.54537678,46.94068
2015,8,27,23.497,30,14.5,0.2,79.53456496,44.727
2015,8,28,22.477,31,16.6,0,77.46880612,43.1458
2015,8,29,23.51,33.3,17.3,0,72.95988399,39.50904
2015,8,30,23.253,33.3,17.4,0,72.95988399,39.50904
2015,8,31,23.642,32.5,15.8,0,74.49187437,40.774
2015,9,1,19.796,28.5,16.6,0,82.7660425,47.0988
2015,9,2,20.521,29.5,16.5,0,80.59341341,45.5176
2015,9,3,18.114,25.5,15.2,0.2,89.77325751,51.8424
2015,9,4,20.562,26.1,12.6,0,88.3080752,50.89368
2015,9,5,19.85,24.5,11.7,5,92.29359359,53.4236
2015,9,6,22,25,9,0,91.02082303,52.633
2015,9,7,22.076,25.3,8.9,0,90.26932307,52.15864
2015,9,8,19.024,24.2,11.8,0,93.06978411,53.89796
2015,9,9,19.958,25,11.1,0,91.02082303,52.633
2015,9,10,15.999,23.5,14.4,0,94.91897347,55.0048
2015,9,11,14.58,21.5,13.8,0,100,58.1672
2015,9,12,15.35,23.4,14.7,0,95.18763059,55.16292
2015,9,13,12.305,20.4,14.7,0.2,100,59.90652
2015,9,14,13.978,22.4,14.9,34.4,97.93915959,56.74412
2015,9,15,14.559,23.2,14.9,0.2,95.72840644,55.47916
2015,9,16,8.067,17.8,15.2,0,100,64.01764
2015,9,17,14.353,24.5,16.1,1,92.29359359,53.4236
2015,9,18,17.875,26.5,13.2,0,87.34988182,50.2612
2015,9,19,18.786,25.9,10.9,0,88.79269297,51.20992
2015,9,20,20.249,27.2,9.4,0,85.70733068,49.15436
2015,9,21,19.112,25.3,9.1,0,90.26932307,52.15864
2015,9,22,13.533,20.4,12.1,0,100,59.90652
2015,9,23,13.546,17.4,8.9,0,100,64.65012
2015,9,24,20.029,24.5,5.5,10.4,92.29359359,53.4236
2015,9,25,20.922,28,6.8,0,83.88111586,47.8894
2015,9,26,17.167,24.9,10.3,0,91.27332838,52.79112
2015,9,27,13.762,21.3,11.7,0,100,58.48344
2015,9,28,11.7,20,12.9,0,100,60.539
2015,9,29,13.306,17.8,8.4,0,100,64.01764
2015,9,30,16.219,20.1,5.8,0,100,60.38088
2015,10,1,10.468,15.9,9.8,0,100,67.02192
2015,10,2,6.881,12.9,10.2,0,100,71.76552
2015,10,3,8.065,15.4,11.6,18.2,100,67.81252
2015,10,4,11.985,20,11.4,31.4,100,60.539
2015,10,5,14.386,21.5,8.8,2,100,58.1672
2015,10,6,9.265,17.9,12.5,0,100,63.85952
2015,10,7,13.639,22.6,10.6,1.4,97.3791559,56.42788
2015,10,8,13.299,23.5,11.8,0.2,94.91897347,55.0048
2015,10,9,9.787,18,11.5,0,100,63.7014
2015,10,10,12.683,21.6,10.4,0,100,58.00908
2015,10,11,14.098,21.2,7,1.2,100,58.64156
2015,10,12,11.91,19.8,9.4,0,100,60.85524
2015,10,13,6.721,15.5,12.1,2.4,100,67.6544
2015,10,14,11.489,19.6,9.4,5.6,100,61.17148
2015,10,15,7.697,12.3,7.6,1.4,100,72.71424
2015,10,16,10.967,16.2,6.4,20.6,100,66.54756
2015,10,17,9.838,13.3,5.2,9.6,100,71.13304
2015,10,18,9.767,14.2,6,0,100,69.70996
2015,10,19,13.915,19.6,2.5,0,100,61.17148
2015,10,20,10.757,16.3,5.8,0.2,100,66.38944
2015,10,21,11.009,15.2,3.9,0,100,68.12876
2015,10,22,12.471,16.4,1.5,0,100,66.23132
2015,10,23,12.301,16.4,1.5,0,100,66.23132
2015,10,24,12.134,16.4,1.5,0,100,66.23132
2015,10,25,11.969,16.4,1.5,0,100,66.23132
2015,10,26,11.806,16.4,1.5,0,100,66.23132
2015,10,27,11.645,16.4,1.5,0,100,66.23132
2015,10,28,11.486,16.4,1.5,0,100,66.23132
2015,10,29,11.329,16.4,1.5,11.2,100,66.23132
2015,10,30,11.174,16.4,1.5,0.8,100,66.23132
2015,10,31,11.022,16.4,1.5,0,100,66.23132
2015,11,1,10.872,16.4,1.5,0.2,100,66.23132
2015,11,2,10.724,16.4,1.5,0,100,66.23132
2015,11,3,10.579,16.4,1.5,0,100,66.23132
2015,11,4,10.436,16.4,1.5,0,100,66.23132
2015,11,5,10.296,16.4,1.5,0,100,66.23132
2015,11,6,10.158,16.4,1.5,0,100,66.23132
2015,11,7,10.023,16.4,1.5,0,100,66.23132
2015,11,8,9.89,16.4,1.5,0,100,66.23132
2015,11,9,9.76,16.4,1.5,0,100,66.23132
2015,11,10,9.633,16.4,1.5,0,100,66.23132
2015,11,11,9.509,16.4,1.5,0,100,66.23132
2015,11,12,9.387,16.4,1.5,0,100,66.23132
2015,11,13,9.268,16.4,1.5,0,100,66.23132
2015,11,14,9.151,16.4,1.5,0,100,66.23132
2015,11,15,9.038,16.4,1.5,0,100,66.23132
2015,11,16,8.927,16.4,1.5,0.4,100,66.23132
2015,11,17,8.819,16.4,1.5,0,100,66.23132
2015,11,18,8.714,16.4,1.5,0,100,66.23132
2015,11,19,8.612,16.4,1.5,0.2,100,66.23132
2015,11,20,8.513,16.4,1.5,0.6,100,66.23132
2015,11,21,8.417,16.4,1.5,0.2,100,66.23132
2015,11,22,8.324,16.4,1.5,0,100,66.23132
2015,11,23,8.234,16.4,1.5,0,100,66.23132
2015,11,24,8.147,16.4,1.5,0,100,66.23132
2015,11,25,8.063,16.4,1.5,0,100,66.23132
2015,11,26,7.981,16.4,1.5,0,100,66.23132
2015,11,27,7.903,16.4,1.5,0,100,66.23132
2015,11,28,7.828,16.4,1.5,0,100,66.23132
2015,11,29,7.756,16.4,1.5,0,100,66.23132
2015,11,30,7.687,16.4,1.5,0,100,66.23132
2015,12,1,7.621,16.4,1.5,0,100,66.23132
2015,12,2,7.559,16.4,1.5,0,100,66.23132
2015,12,3,7.499,16.4,1.5,0,100,66.23132
2015,12,4,7.442,16.4,1.5,0.6,100,66.23132
2015,12,5,7.389,16.4,1.5,0,100,66.23132
2015,12,6,7.338,16.4,1.5,0,100,66.23132
2015,12,7,7.291,16.4,1.5,0,100,66.23132
2015,12,8,7.247,16.4,1.5,0,100,66.23132
2015,12,9,7.206,16.4,1.5,0.2,100,66.23132
2015,12,10,7.168,16.4,1.5,0,100,66.23132
2015,12,11,7.133,16.4,1.5,0,100,66.23132
2015,12,12,7.101,16.4,1.5,0,100,66.23132
2015,12,13,7.073,16.4,1.5,0,100,66.23132
2015,12,14,7.047,16.4,1.5,0,100,66.23132
2015,12,15,7.025,16.4,1.5,0,100,66.23132
2015,12,16,7.006,16.4,1.5,0,100,66.23132
2015,12,17,6.99,16.4,1.5,0,100,66.23132
2015,12,18,6.977,16.4,1.5,0,100,66.23132
2015,12,19,6.968,16.4,1.5,0,100,66.23132
2015,12,20,6.961,16.4,1.5,0,100,66.23132
2015,12,21,6.958,16.4,1.5,0,100,66.23132
2015,12,22,6.957,16.4,1.5,0,100,66.23132
2015,12,23,6.96,16.4,1.5,0,100,66.23132
2015,12,24,6.966,16.4,1.5,0,100,66.23132
2015,12,25,6.976,16.4,1.5,0,100,66.23132
2015,12,26,6.988,16.4,1.5,0,100,66.23132
2015,12,27,7.003,16.4,1.5,0,100,66.23132
2015,12,28,7.022,16.4,1.5,0,100,66.23132
2015,12,29,7.044,16.4,1.5,0,100,66.23132
2015,12,30,7.069,16.4,1.5,0,100,66.23132
2015,12,31,7.097,16.4,1.5,0,100,66.23132
